entry_time_utc,jst_hour,jst_dow,atr_pct,adx,volume_ratio_20,ret_4bar_pct,ret_16bar_pct,btc_ret_4bar_pct,btc_ret_16bar_pct,direction,exit_reason,pnl_pct,scaled_pnl_pct,win,holding_bars
2025-02-26T11:30:00Z,20,2,0.5289,21.72,1.885,-1.552,-1.077,,,SHORT,TAKE_PROFIT,2.1306,2.1306,1,6
2025-02-26T17:15:00Z,2,3,0.9715,25.02,0.546,-1.911,-0.953,,,SHORT,TAKE_PROFIT,2.1306,2.1306,1,3
2025-02-27T19:30:00Z,4,4,0.6577,13.92,0.788,-2.35,-2.077,,,SHORT,TAKE_PROFIT,2.1306,2.1306,1,24
2025-03-01T06:15:00Z,15,5,0.578,26.33,0.917,-1.266,-3.799,,,SHORT,TAKE_PROFIT,2.1306,2.1306,1,17
2025-03-01T13:30:00Z,22,5,0.6503,38.02,1.168,-1.15,-3.311,,,SHORT,STOP_LOSS,-1.2304,-1.2304,0,12
2025-03-01T20:15:00Z,5,6,0.3539,27.09,0.013,-0.265,-0.303,,,SHORT,STOP_LOSS,-0.9804,-0.9804,0,7
2025-03-02T06:45:00Z,15,6,0.418,12.31,3.121,0.811,1.229,,,LONG,STOP_LOSS,-1.0769,-1.0769,0,9
2025-03-07T12:45:00Z,21,4,0.6047,11.91,0.391,-0.589,-1.0,,,SHORT,STOP_LOSS,-1.2304,-1.2304,0,2
2025-03-08T05:45:00Z,14,5,0.5294,16.49,0.162,-0.991,-0.044,,,SHORT,TAKE_PROFIT,2.1306,2.1306,1,46
2025-03-10T03:30:00Z,12,0,0.6841,33.8,0.022,-0.698,1.115,,,SHORT,STOP_LOSS,-1.2304,-1.2304,0,6
2025-03-12T20:30:00Z,5,3,0.5441,15.17,0.079,0.649,1.416,,,SHORT,STOP_LOSS,-1.2304,-1.2304,0,3
2025-03-13T04:30:00Z,13,3,0.4329,18.54,2.275,-1.14,-2.411,,,SHORT,STOP_LOSS,-1.2304,-1.2304,0,17
2025-03-14T20:45:00Z,5,5,0.548,39.95,6.478,-0.05,0.987,,,LONG,STOP_LOSS,-1.2296,-1.2296,0,38
2025-03-15T12:30:00Z,21,5,0.2788,18.7,0.208,0.784,1.203,,,LONG,STOP_LOSS,-1.114,-1.114,0,85
2025-03-17T03:15:00Z,12,0,0.4145,21.16,0.181,-0.403,1.575,,,LONG,STOP_LOSS,-1.2296,-1.2296,0,13
2025-03-18T10:00:00Z,19,1,0.4659,21.66,0.568,-1.113,0.0,,,SHORT,TAKE_PROFIT,1.8917,1.8917,1,14
2025-03-19T23:00:00Z,8,3,0.5305,19.92,3.437,0.652,3.597,,,LONG,STOP_LOSS,-1.2296,-1.2296,0,10
2025-03-20T03:00:00Z,12,3,0.4529,16.33,0.004,0.832,-0.53,,,LONG,STOP_LOSS,-1.0802,-1.0802,0,8
2025-03-20T06:15:00Z,15,3,0.2314,11.46,2.238,0.795,0.576,,,LONG,STOP_LOSS,-1.1354,-1.1354,0,16
2025-03-21T03:30:00Z,12,4,0.3245,15.83,1.874,0.136,0.637,,,SHORT,STOP_LOSS,-0.8905,-0.8905,0,3
2025-03-22T20:15:00Z,5,6,0.2988,14.52,0.146,0.129,0.103,,,LONG,STOP_LOSS,-1.1732,-1.1732,0,10
2025-03-23T02:45:00Z,11,6,0.2095,19.22,0.22,0.419,0.518,,,LONG,TAKE_PROFIT,2.1294,2.1294,1,27
2025-03-23T13:30:00Z,22,6,0.4493,41.74,0.337,0.131,1.84,,,LONG,STOP_LOSS,-1.2144,-1.2144,0,17
2025-03-24T02:30:00Z,11,0,0.5238,31.6,0.12,0.115,1.854,,,LONG,TAKE_PROFIT,2.1294,2.1294,1,3
2025-03-24T09:30:00Z,18,0,0.4517,50.67,0.075,-0.162,1.179,,,LONG,TAKE_PROFIT,2.1294,2.1294,1,10
2025-03-24T16:00:00Z,1,1,0.6526,49.6,0.193,0.242,0.223,,,LONG,STOP_LOSS,-1.2296,-1.2296,0,10
2025-03-24T19:00:00Z,4,1,0.3483,26.52,0.007,0.154,-0.405,,,LONG,STOP_LOSS,-0.8198,-0.8198,0,13
2025-03-25T09:30:00Z,18,1,0.4493,17.33,2.224,1.321,2.402,,,LONG,TAKE_PROFIT,2.1294,2.1294,1,16
2025-03-25T16:15:00Z,1,2,0.876,32.3,0.631,-0.615,1.539,,,LONG,STOP_LOSS,-1.2296,-1.2296,0,2
2025-03-25T18:15:00Z,3,2,0.5596,26.4,0.093,-0.009,0.028,,,LONG,STOP_LOSS,-1.0975,-1.0975,0,15
2025-03-26T01:30:00Z,10,2,0.3862,15.08,1.047,0.018,0.324,,,LONG,STOP_LOSS,-1.2296,-1.2296,0,4
2025-03-27T03:45:00Z,12,3,0.2914,21.11,2.251,-0.318,1.485,,,LONG,STOP_LOSS,-1.2296,-1.2296,0,31
2025-03-28T16:15:00Z,1,5,0.6417,35.61,0.116,0.437,-1.599,-0.432,-2.151,SHORT,TAKE_PROFIT,2.1306,2.1306,1,47
2025-03-29T09:45:00Z,18,5,0.4894,36.98,0.114,-0.463,-0.963,-0.559,-0.603,SHORT,TAKE_PROFIT,1.9821,1.9821,1,46
2025-03-30T13:30:00Z,22,6,0.3923,28.7,5.963,-0.768,-1.535,-0.123,-0.634,SHORT,STOP_LOSS,-1.2304,-1.2304,0,21
2025-03-31T00:30:00Z,9,0,0.717,17.56,6.577,-1.344,-2.642,-1.406,-1.932,SHORT,STOP_LOSS,-1.2304,-1.2304,0,3
2025-03-31T04:00:00Z,13,0,0.7081,13.13,0.457,-0.774,-0.38,0.004,-0.97,SHORT,STOP_LOSS,-1.2304,-1.2304,0,5
2025-04-01T00:00:00Z,9,1,0.4051,12.17,5.222,-0.944,-1.3,-0.223,-0.199,SHORT,STOP_LOSS,-1.2304,-1.2304,0,12
2025-04-02T01:00:00Z,10,2,0.4776,13.47,0.853,-0.712,-0.602,-0.205,-0.281,SHORT,STOP_LOSS,-1.2304,-1.2304,0,47
2025-04-03T06:00:00Z,15,3,0.5756,28.75,0.362,-1.538,-0.646,-0.538,-0.846,SHORT,TAKE_PROFIT,2.1306,2.1306,1,18
2025-04-03T17:30:00Z,2,4,0.7642,35.76,0.025,0.132,0.126,-0.002,-0.254,SHORT,STOP_LOSS,-1.2304,-1.2304,0,2
2025-04-04T04:15:00Z,13,4,0.5595,16.17,1.18,-0.622,-1.905,-0.341,-0.865,SHORT,STOP_LOSS,-1.2304,-1.2304,0,7
2025-04-05T05:00:00Z,14,5,0.4014,15.81,0.008,-0.203,-1.908,-0.092,-0.0,SHORT,STOP_LOSS,-1.2304,-1.2304,0,20
2025-04-06T07:30:00Z,16,6,0.3997,10.68,0.413,-0.962,-0.766,-0.19,-0.288,SHORT,TAKE_PROFIT,2.1306,2.1306,1,22
2025-04-06T17:00:00Z,2,0,0.6289,36.51,0.358,-0.626,-1.62,-0.908,-1.242,SHORT,TAKE_PROFIT,2.1306,2.1306,1,3
2025-04-09T00:45:00Z,9,2,0.7378,21.62,0.315,-1.1,-2.019,0.048,-1.394,SHORT,TAKE_PROFIT,2.1306,2.1306,1,3
2025-04-10T10:30:00Z,19,3,0.6199,31.0,0.258,-0.733,-2.334,-0.526,-1.073,SHORT,TAKE_PROFIT,2.1306,2.1306,1,13
2025-04-11T01:00:00Z,10,4,0.5046,16.33,2.938,0.198,-0.356,-0.217,-1.183,SHORT,STOP_LOSS,-1.2304,-1.2304,0,3
2025-04-11T08:15:00Z,17,4,0.6733,27.04,0.611,0.054,0.471,0.226,-0.147,LONG,TAKE_PROFIT,2.1294,2.1294,1,22
2025-04-11T20:30:00Z,5,5,0.5349,21.67,0.211,0.491,0.584,0.123,0.999,LONG,STOP_LOSS,-1.1398,-1.1398,0,11
2025-04-12T04:45:00Z,13,5,0.5913,18.75,1.136,1.78,1.094,0.297,-0.076,LONG,TAKE_PROFIT,2.1294,2.1294,1,13
2025-04-12T09:15:00Z,18,5,0.5663,39.72,1.208,-0.129,1.544,-0.2,0.088,LONG,TAKE_PROFIT,2.1294,2.1294,1,17
2025-04-12T19:00:00Z,4,6,0.6538,38.26,0.224,1.26,0.945,0.26,0.412,LONG,TAKE_PROFIT,2.1294,2.1294,1,7
2025-04-13T00:15:00Z,9,6,0.5384,31.16,3.11,0.111,0.674,-0.021,-0.115,LONG,STOP_LOSS,-0.9149,-0.9149,0,2
2025-04-13T01:00:00Z,10,6,0.5346,30.05,4.575,0.551,1.435,0.353,0.455,LONG,STOP_LOSS,-1.1387,-1.1387,0,4
2025-04-14T08:00:00Z,17,0,0.5582,17.09,4.786,0.213,-0.249,0.565,-0.034,LONG,TAKE_PROFIT,2.1249,2.1249,1,21
2025-04-15T04:15:00Z,13,1,0.5661,12.02,0.385,0.097,0.769,0.017,0.558,LONG,TAKE_PROFIT,2.1294,2.1294,1,23
2025-04-15T12:15:00Z,21,1,0.5486,17.03,1.05,-0.633,-0.413,-0.357,-0.726,LONG,STOP_LOSS,-0.9748,-0.9748,0,1
2025-04-15T13:00:00Z,22,1,0.5346,15.13,0.179,-0.258,0.233,0.116,-0.013,LONG,STOP_LOSS,-1.1036,-1.1036,0,5
2025-04-16T12:00:00Z,21,2,0.5717,17.02,0.073,-0.028,2.385,-0.05,1.224,LONG,STOP_LOSS,-1.2296,-1.2296,0,6
2025-04-17T00:45:00Z,9,3,0.4247,17.37,1.895,0.671,0.412,0.687,0.319,LONG,STOP_LOSS,-1.0808,-1.0808,0,11
2025-04-18T00:15:00Z,9,4,0.3687,16.3,0.046,-0.406,0.005,-0.172,-0.181,LONG,STOP_LOSS,-0.8988,-0.8988,0,20
2025-04-19T05:45:00Z,14,5,0.4973,41.59,0.094,-0.051,2.942,0.055,0.734,LONG,TAKE_PROFIT,1.9897,1.9897,1,72
2025-04-20T01:00:00Z,10,6,0.3612,33.33,1.964,0.325,1.783,0.071,-0.074,LONG,STOP_LOSS,-1.0805,-1.0805,0,26
2025-04-20T20:45:00Z,5,0,0.3153,26.91,0.091,0.015,0.159,0.56,0.617,LONG,TAKE_PROFIT,2.1294,2.1294,1,15
2025-04-21T01:15:00Z,10,0,0.7613,27.78,1.089,-0.455,1.994,0.944,1.823,LONG,STOP_LOSS,-1.2296,-1.2296,0,40
2025-04-22T02:15:00Z,11,1,0.617,18.33,1.726,0.318,2.14,-0.457,1.258,LONG,TAKE_PROFIT,2.1294,2.1294,1,43
2025-04-22T17:15:00Z,2,2,0.8027,41.06,0.06,-0.494,1.983,0.281,1.871,LONG,TAKE_PROFIT,2.1294,2.1294,1,19
2025-04-23T02:30:00Z,11,2,0.5298,31.18,0.349,0.513,0.227,-0.156,-0.498,LONG,TAKE_PROFIT,1.7907,1.7907,1,9
2025-04-23T05:15:00Z,14,2,0.5948,31.63,0.341,1.43,1.382,0.282,0.05,LONG,TAKE_PROFIT,2.1294,2.1294,1,34
2025-04-23T18:30:00Z,3,3,0.7158,14.24,0.335,-0.102,-0.447,0.134,1.057,LONG,STOP_LOSS,-1.2296,-1.2296,0,3
2025-04-23T20:30:00Z,5,3,0.523,12.77,0.912,0.552,-0.111,0.387,0.577,LONG,STOP_LOSS,-1.2296,-1.2296,0,19
2025-04-24T13:30:00Z,22,3,0.4204,29.13,2.309,0.469,1.211,0.132,0.384,LONG,TAKE_PROFIT,2.1294,2.1294,1,21
2025-04-24T19:00:00Z,4,4,0.6775,21.29,0.154,-0.074,0.223,-0.168,-0.041,LONG,STOP_LOSS,-1.2296,-1.2296,0,10
2025-04-24T22:15:00Z,7,4,0.4198,16.11,0.016,0.792,0.125,0.393,0.307,LONG,TAKE_PROFIT,1.7816,1.7816,1,12
2025-04-25T02:00:00Z,11,4,0.4952,25.3,0.297,-0.578,1.185,-0.619,0.216,LONG,STOP_LOSS,-1.2296,-1.2296,0,4
2025-04-25T03:45:00Z,12,4,0.5374,19.42,0.254,0.949,0.308,0.745,-0.199,LONG,TAKE_PROFIT,2.1294,2.1294,1,27
2025-04-25T11:30:00Z,20,4,0.4469,27.7,0.327,0.715,0.532,0.486,0.558,LONG,TAKE_PROFIT,1.4658,1.4658,1,3
2025-04-25T12:30:00Z,21,4,0.6249,33.31,0.334,0.62,0.433,0.67,1.169,LONG,STOP_LOSS,-1.1564,-1.1564,0,16
2025-04-26T07:30:00Z,16,5,0.2397,12.8,1.351,0.183,0.009,0.093,-0.054,LONG,STOP_LOSS,-1.2296,-1.2296,0,7
2025-04-27T00:15:00Z,9,6,0.3809,12.41,2.071,0.443,0.448,0.167,0.726,LONG,STOP_LOSS,-1.0626,-1.0626,0,6
2025-04-28T04:45:00Z,13,0,0.5406,31.13,0.12,-0.019,0.795,0.062,0.563,LONG,TAKE_PROFIT,2.1294,2.1294,1,22
2025-04-28T11:00:00Z,20,0,0.6085,27.01,0.469,0.202,0.313,0.629,0.635,LONG,STOP_LOSS,-1.2296,-1.2296,0,9
2025-04-29T00:30:00Z,9,1,0.2966,15.57,0.12,0.005,0.582,0.03,0.798,SHORT,STOP_LOSS,-0.6508,-0.6508,0,2
2025-04-29T03:00:00Z,12,1,0.3649,11.21,0.056,-0.332,-0.266,-0.233,-0.481,SHORT,STOP_LOSS,-1.2176,-1.2176,0,17
2025-04-30T01:30:00Z,10,2,0.465,23.82,0.71,-0.924,-1.147,-0.125,-0.269,SHORT,STOP_LOSS,-0.8449,-0.8449,0,4
2025-05-01T16:15:00Z,1,4,0.6148,36.14,0.011,-0.782,1.015,0.076,1.657,LONG,STOP_LOSS,-1.2296,-1.2296,0,9
2025-05-02T00:30:00Z,9,4,0.2739,14.35,0.021,0.726,0.813,0.771,0.556,LONG,STOP_LOSS,-1.0312,-1.0312,0,7
2025-05-03T13:30:00Z,22,5,0.184,16.61,0.132,0.452,0.569,0.121,0.037,LONG,STOP_LOSS,-0.9239,-0.9239,0,15
2025-05-04T22:45:00Z,7,0,0.3231,16.43,1.591,-1.584,-1.575,-0.803,-0.567,SHORT,TAKE_PROFIT,2.1306,2.1306,1,14
2025-05-05T10:30:00Z,19,0,0.2898,15.8,0.658,-1.459,-2.021,-0.397,-0.761,SHORT,STOP_LOSS,-1.2304,-1.2304,0,30
2025-05-06T02:00:00Z,11,1,0.2795,16.76,0.333,-0.879,-1.372,-0.65,-0.56,SHORT,TAKE_PROFIT,2.1306,2.1306,1,32
2025-05-06T17:00:00Z,2,2,0.4446,25.65,0.077,-0.725,0.424,-0.616,0.686,SHORT,STOP_LOSS,-0.7564,-0.7564,0,6
2025-05-07T15:00:00Z,0,3,0.3269,18.03,0.477,-1.117,-1.089,-0.365,-0.179,SHORT,STOP_LOSS,-1.2304,-1.2304,0,25
2025-05-08T12:00:00Z,21,3,0.4014,45.11,0.19,0.098,1.764,-0.304,-0.038,LONG,TAKE_PROFIT,2.0212,2.0212,1,12
2025-05-08T18:45:00Z,3,4,0.7504,60.42,0.254,0.847,2.579,0.456,2.612,LONG,TAKE_PROFIT,1.9498,1.9498,1,9
2025-05-08T21:15:00Z,6,4,0.597,53.43,3.723,0.953,1.213,1.691,1.808,LONG,TAKE_PROFIT,2.1294,2.1294,1,41
2025-05-09T20:00:00Z,5,5,0.5312,17.27,0.039,-0.08,1.35,0.171,0.538,LONG,STOP_LOSS,-1.2296,-1.2296,0,29
2025-05-10T07:00:00Z,16,5,0.3786,16.55,2.892,0.068,-0.227,0.372,0.642,LONG,STOP_LOSS,-1.2296,-1.2296,0,18
2025-05-10T15:00:00Z,0,6,0.3788,10.66,0.142,0.201,0.748,-0.042,-0.08,LONG,TAKE_PROFIT,2.1294,2.1294,1,29
2025-05-11T05:45:00Z,14,6,0.4855,13.18,0.02,-0.307,-1.652,-0.3,-0.283,LONG,STOP_LOSS,-1.2296,-1.2296,0,4
2025-05-11T20:30:00Z,5,0,0.3338,16.98,0.01,-0.535,1.03,-0.15,0.34,LONG,TAKE_PROFIT,1.7409,1.7409,1,17
2025-05-12T01:00:00Z,10,0,0.5792,28.01,0.516,0.986,2.46,0.593,0.749,LONG,STOP_LOSS,-1.2296,-1.2296,0,3
2025-05-12T02:15:00Z,11,0,0.6916,27.42,1.468,0.29,2.08,-0.615,-0.011,LONG,TAKE_PROFIT,2.1294,2.1294,1,20
2025-05-12T09:45:00Z,18,0,0.8207,21.4,2.156,-0.142,1.847,0.01,1.83,LONG,STOP_LOSS,-1.2296,-1.2296,0,9
2025-05-12T12:30:00Z,21,0,0.5493,17.65,0.329,0.845,0.778,-0.107,-0.248,LONG,TAKE_PROFIT,1.8165,1.8165,1,6
2025-05-13T09:00:00Z,18,1,0.4061,24.61,0.292,0.697,2.063,0.126,0.503,LONG,TAKE_PROFIT,2.1294,2.1294,1,29
2025-05-13T16:45:00Z,1,2,0.5741,34.42,0.175,0.158,0.989,-0.099,-0.166,LONG,TAKE_PROFIT,2.1294,2.1294,1,12
2025-05-13T22:15:00Z,7,2,0.6596,57.32,0.487,0.119,1.973,-0.295,-0.158,LONG,STOP_LOSS,-1.2296,-1.2296,0,16
2025-05-14T06:00:00Z,15,2,0.4249,24.55,0.852,0.599,0.909,0.205,0.102,LONG,STOP_LOSS,-1.2296,-1.2296,0,6
2025-05-15T00:45:00Z,9,3,0.3759,12.36,0.135,0.362,0.262,0.039,-0.086,LONG,STOP_LOSS,-1.2296,-1.2296,0,4
2025-05-16T08:45:00Z,17,4,0.4807,17.67,0.327,-0.986,-0.8,-0.277,-0.429,SHORT,STOP_LOSS,-1.2304,-1.2304,0,5
2025-05-17T06:00:00Z,15,5,0.5576,21.65,0.517,-0.089,0.783,-0.076,0.639,SHORT,STOP_LOSS,-1.0805,-1.0805,0,4
2025-05-19T03:15:00Z,12,0,0.7004,24.38,1.16,-0.523,-2.194,-0.537,-1.473,SHORT,TAKE_PROFIT,2.1306,2.1306,1,12
2025-05-20T11:00:00Z,20,1,0.4693,23.87,0.074,-0.685,-1.595,-0.235,-0.527,SHORT,STOP_LOSS,-1.0674,-1.0674,0,24
2025-05-21T13:30:00Z,22,2,0.3853,13.22,0.702,0.287,1.079,0.459,0.777,SHORT,STOP_LOSS,-0.9349,-0.9349,0,2
2025-05-22T02:30:00Z,11,3,0.7279,26.29,1.249,0.492,1.136,0.448,0.816,LONG,TAKE_PROFIT,1.8313,1.8313,1,12
2025-05-22T07:45:00Z,16,3,0.5711,30.23,1.295,1.494,0.71,0.163,-0.784,LONG,TAKE_PROFIT,2.1294,2.1294,1,65
2025-05-23T00:45:00Z,9,4,0.4134,16.09,0.176,0.282,0.992,-0.079,0.377,LONG,TAKE_PROFIT,2.1008,2.1008,1,7
2025-05-23T07:30:00Z,16,4,0.5743,20.95,0.591,1.18,-0.7,-0.026,-0.401,LONG,TAKE_PROFIT,2.1294,2.1294,1,7
2025-05-23T09:30:00Z,18,4,0.5937,28.0,0.185,0.165,2.259,0.058,0.136,LONG,STOP_LOSS,-1.2296,-1.2296,0,7
2025-05-24T12:30:00Z,21,5,0.4339,18.98,0.042,-0.873,1.919,-0.268,0.681,LONG,STOP_LOSS,-1.1445,-1.1445,0,6
2025-05-24T14:30:00Z,23,5,0.4077,14.07,0.248,0.191,-0.254,0.088,-0.15,LONG,STOP_LOSS,-0.7952,-0.7952,0,33
2025-05-26T04:00:00Z,13,0,0.4475,25.41,0.029,0.346,0.518,0.211,0.365,LONG,STOP_LOSS,-1.1189,-1.1189,0,48
2025-05-27T12:00:00Z,21,1,0.3648,30.06,1.318,0.327,0.843,0.127,0.341,LONG,STOP_LOSS,-1.14,-1.14,0,55
2025-05-28T12:45:00Z,21,2,0.2906,21.11,3.99,-0.123,0.008,0.125,0.205,LONG,STOP_LOSS,-1.2296,-1.2296,0,6
2025-05-29T08:15:00Z,17,3,0.3418,17.72,0.101,-0.207,-0.618,0.112,-0.033,SHORT,TAKE_PROFIT,1.5225,1.5225,1,24
2025-05-29T23:00:00Z,8,4,0.3098,30.38,1.356,-0.664,0.321,-0.313,0.385,SHORT,TAKE_PROFIT,2.0607,2.0607,1,8
2025-05-30T06:30:00Z,15,4,0.3175,36.24,0.356,-1.195,-0.717,-0.439,-0.317,SHORT,TAKE_PROFIT,2.0965,2.0965,1,31
2025-05-30T14:30:00Z,23,4,0.5388,34.1,0.578,-0.167,-0.528,-0.183,-0.073,SHORT,STOP_LOSS,-1.2304,-1.2304,0,4
2025-05-30T22:15:00Z,7,5,0.309,19.12,1.059,-1.183,-0.235,-0.266,-0.115,SHORT,TAKE_PROFIT,2.0389,2.0389,1,4
2025-05-31T08:30:00Z,17,5,0.2352,26.84,0.209,-0.094,-0.344,-0.144,-0.183,SHORT,STOP_LOSS,-0.654,-0.654,0,19
2025-06-01T00:30:00Z,9,6,0.2958,19.45,0.522,-0.089,-0.653,-0.194,-0.192,SHORT,TAKE_PROFIT,2.1306,2.1306,1,35
2025-06-01T12:45:00Z,21,6,0.3303,49.35,0.24,-0.67,-1.228,-0.142,-0.441,SHORT,STOP_LOSS,-0.7944,-0.7944,0,5
2025-06-02T05:45:00Z,14,0,0.4034,23.45,0.902,-0.175,-2.221,-0.088,-0.557,SHORT,TAKE_PROFIT,2.1306,2.1306,1,33
2025-06-02T19:30:00Z,4,1,0.3279,17.15,0.138,-1.575,-0.403,-0.366,-0.325,SHORT,STOP_LOSS,-1.2304,-1.2304,0,2
2025-06-04T05:45:00Z,14,2,0.1935,16.74,0.035,0.031,0.381,-0.058,0.149,SHORT,STOP_LOSS,-0.5386,-0.5386,0,17
2025-06-04T12:30:00Z,21,2,0.3318,13.49,1.538,-0.688,-1.149,-0.646,-0.611,SHORT,TAKE_PROFIT,2.1306,2.1306,1,37
2025-06-05T02:00:00Z,11,3,0.2745,32.72,0.097,-0.191,-0.575,-0.002,0.138,SHORT,STOP_LOSS,-0.5715,-0.5715,0,2
2025-06-05T05:30:00Z,14,3,0.3679,22.89,6.468,-0.528,-0.578,-0.351,-0.015,SHORT,STOP_LOSS,-1.1308,-1.1308,0,25
2025-06-06T22:15:00Z,7,5,0.2782,18.24,0.56,-0.435,-0.82,0.045,-0.149,SHORT,STOP_LOSS,-0.9532,-0.9532,0,19
2025-06-07T17:00:00Z,2,6,0.2679,15.96,0.051,-0.037,-0.637,-0.123,-0.017,SHORT,STOP_LOSS,-1.2304,-1.2304,0,81
2025-06-09T02:00:00Z,11,0,0.3338,39.47,0.805,-0.422,-2.0,-0.128,-0.362,SHORT,STOP_LOSS,-1.1296,-1.1296,0,31
2025-06-10T00:15:00Z,9,1,0.5752,40.54,0.289,0.851,3.518,0.102,1.264,LONG,STOP_LOSS,-1.2296,-1.2296,0,20
2025-06-11T00:00:00Z,9,2,0.516,44.31,0.492,0.618,1.312,0.176,0.561,LONG,TAKE_PROFIT,1.921,1.921,1,59
2025-06-11T15:00:00Z,0,3,0.6524,15.26,0.1,-0.008,0.954,-0.325,0.044,LONG,STOP_LOSS,-1.2296,-1.2296,0,12
2025-06-12T18:00:00Z,3,4,0.5186,21.29,0.059,0.377,0.527,0.186,0.617,LONG,STOP_LOSS,-1.2296,-1.2296,0,2
2025-06-13T06:15:00Z,15,4,0.4967,50.27,1.187,-1.08,0.564,-0.642,0.497,SHORT,STOP_LOSS,-1.2304,-1.2304,0,3
2025-06-14T10:30:00Z,19,5,0.2444,20.13,5.566,0.124,-0.652,0.023,-0.191,SHORT,TAKE_PROFIT,1.4703,1.4703,1,34
2025-06-16T11:30:00Z,20,0,0.3272,20.15,7.336,-0.124,-0.575,0.015,-0.285,SHORT,STOP_LOSS,-1.2304,-1.2304,0,3
2025-06-17T04:45:00Z,13,1,0.3948,21.66,0.052,-0.676,0.036,-0.295,-0.201,SHORT,STOP_LOSS,-1.2304,-1.2304,0,6
2025-06-17T08:45:00Z,17,1,0.3989,12.67,0.392,-0.521,-0.245,-0.027,-0.559,SHORT,TAKE_PROFIT,2.1306,2.1306,1,26
2025-06-17T21:15:00Z,6,2,0.5687,22.26,3.629,-0.652,0.614,0.055,0.766,SHORT,TAKE_PROFIT,2.1306,2.1306,1,63
2025-06-19T06:30:00Z,15,3,0.2598,12.49,3.113,-1.241,-0.227,-0.169,-0.16,SHORT,STOP_LOSS,-1.173,-1.173,0,58
2025-06-20T04:15:00Z,13,4,0.2701,19.24,0.275,-0.618,-1.814,-0.124,-0.014,SHORT,STOP_LOSS,-1.0628,-1.0628,0,13
2025-06-20T22:00:00Z,7,5,0.4279,36.86,0.123,-0.875,0.394,-0.258,0.204,SHORT,STOP_LOSS,-1.1102,-1.1102,0,33
2025-06-21T14:30:00Z,23,5,0.3071,21.9,0.007,-0.039,-0.866,0.011,-0.222,SHORT,TAKE_PROFIT,2.1306,2.1306,1,23
2025-06-22T07:15:00Z,16,6,0.3737,12.34,0.37,-0.583,0.79,-0.204,0.434,SHORT,TAKE_PROFIT,1.3799,1.3799,1,9
2025-06-22T13:15:00Z,22,6,0.8997,20.14,20.835,-3.885,-4.298,-1.435,-1.178,SHORT,TAKE_PROFIT,2.1091,2.1091,1,1
2025-06-22T19:00:00Z,4,0,0.6375,23.22,0.063,-1.16,-0.712,-0.351,-0.323,SHORT,TAKE_PROFIT,2.1306,2.1306,1,5
2025-06-23T16:00:00Z,1,1,0.8111,20.57,1.707,-2.215,-1.858,-0.819,-0.689,SHORT,TAKE_PROFIT,2.1306,2.1306,1,3
2025-06-24T14:00:00Z,23,1,0.437,15.09,0.319,-0.277,0.11,-0.177,-0.131,SHORT,STOP_LOSS,-1.1507,-1.1507,0,3
2025-06-24T19:15:00Z,4,2,0.5247,17.91,0.273,-0.702,-0.792,-0.377,-0.23,SHORT,STOP_LOSS,-1.2304,-1.2304,0,5
2025-06-25T00:00:00Z,9,2,0.3265,13.27,0.52,1.005,1.982,0.468,0.902,LONG,STOP_LOSS,-1.1652,-1.1652,0,56
2025-06-26T02:15:00Z,11,3,0.3198,22.83,0.106,0.947,0.875,0.269,0.034,LONG,STOP_LOSS,-1.2296,-1.2296,0,21
2025-06-27T07:00:00Z,16,4,0.2543,15.25,1.8,0.828,0.531,0.05,0.344,LONG,STOP_LOSS,-0.5503,-0.5503,0,4
2025-06-28T02:15:00Z,11,5,0.2335,15.03,4.614,0.77,0.388,0.2,0.038,LONG,TAKE_PROFIT,0.957,0.957,1,12
2025-06-28T10:45:00Z,19,5,0.4165,41.79,1.732,-0.39,1.507,-0.022,-0.114,LONG,TAKE_PROFIT,1.9982,1.9982,1,25
2025-06-28T20:15:00Z,5,6,0.3889,41.3,0.441,-0.521,1.431,-0.058,-0.091,LONG,TAKE_PROFIT,1.9714,1.9714,1,78
2025-06-30T13:30:00Z,22,0,0.2502,23.71,1.271,0.101,0.959,-0.062,0.239,LONG,TAKE_PROFIT,2.118,2.118,1,8
2025-06-30T19:45:00Z,4,1,0.4103,48.57,0.945,1.018,0.145,0.352,-0.034,LONG,STOP_LOSS,-1.0107,-1.0107,0,9
2025-07-02T01:45:00Z,10,2,0.3029,23.53,0.04,0.563,0.873,0.444,0.121,LONG,TAKE_PROFIT,2.1294,2.1294,1,48
2025-07-02T14:45:00Z,23,2,0.4687,20.61,0.276,0.641,0.805,0.394,0.419,LONG,TAKE_PROFIT,2.1294,2.1294,1,10
2025-07-02T19:00:00Z,4,3,0.5423,24.93,1.076,0.101,1.0,0.203,0.853,LONG,TAKE_PROFIT,1.9835,1.9835,1,40
2025-07-03T07:30:00Z,16,3,0.2832,25.43,1.437,-0.357,1.147,-0.216,0.366,LONG,STOP_LOSS,-0.9787,-0.9787,0,19
2025-07-03T14:00:00Z,23,3,0.5437,22.94,1.71,-0.103,-0.76,0.447,0.703,LONG,STOP_LOSS,-1.2296,-1.2296,0,3
2025-07-05T05:15:00Z,14,5,0.1942,16.55,0.954,-0.56,-0.699,-0.126,0.121,SHORT,STOP_LOSS,-0.7694,-0.7694,0,7
2025-07-07T01:15:00Z,10,0,0.4695,13.77,0.65,-0.261,-0.502,-0.119,-0.383,SHORT,STOP_LOSS,-1.2304,-1.2304,0,5
2025-07-08T06:45:00Z,15,1,0.1953,12.15,0.425,0.115,-0.005,0.159,0.478,LONG,TAKE_PROFIT,1.3864,1.3864,1,12
2025-07-08T14:30:00Z,23,1,0.3165,50.05,1.093,-0.482,0.678,-0.153,0.308,LONG,STOP_LOSS,-0.6163,-0.6163,0,2
2025-07-08T17:30:00Z,2,2,0.379,30.76,0.231,1.105,-0.314,0.301,-0.231,LONG,TAKE_PROFIT,2.1294,2.1294,1,91
2025-07-09T20:45:00Z,5,3,0.4935,28.41,0.162,-0.635,1.245,-0.899,1.192,LONG,TAKE_PROFIT,2.1294,2.1294,1,73
2025-07-10T18:15:00Z,3,4,0.5194,28.1,0.873,0.009,1.418,-0.39,1.726,LONG,TAKE_PROFIT,2.1294,2.1294,1,13
2025-07-11T00:00:00Z,9,4,0.5938,45.08,0.216,-0.412,2.596,-0.012,2.123,LONG,STOP_LOSS,-1.2296,-1.2296,0,3
2025-07-11T01:15:00Z,10,4,0.5178,39.28,0.92,1.59,1.462,0.634,0.544,LONG,TAKE_PROFIT,2.1294,2.1294,1,50
2025-07-11T14:15:00Z,23,4,0.6153,22.5,1.762,1.843,1.902,0.461,0.017,LONG,STOP_LOSS,-1.2296,-1.2296,0,6
2025-07-11T20:30:00Z,5,5,0.3096,13.86,0.021,-0.396,-0.486,-0.051,0.534,LONG,STOP_LOSS,-1.2296,-1.2296,0,3
2025-07-12T03:30:00Z,12,5,0.4615,20.15,0.03,-0.145,1.307,0.018,0.111,LONG,STOP_LOSS,-1.2296,-1.2296,0,30
2025-07-13T00:30:00Z,9,6,0.3437,20.48,0.04,0.701,1.026,0.196,0.09,LONG,STOP_LOSS,-1.2296,-1.2296,0,66
2025-07-14T02:00:00Z,11,0,0.3089,15.93,0.873,0.684,1.351,0.325,0.563,LONG,TAKE_PROFIT,2.1294,2.1294,1,6
2025-07-14T07:45:00Z,16,0,0.5612,29.54,2.094,1.133,0.061,0.484,1.637,LONG,STOP_LOSS,-1.0431,-1.0431,0,29
2025-07-15T13:30:00Z,22,1,0.4286,29.71,0.24,1.834,1.355,1.797,1.821,LONG,STOP_LOSS,-1.2296,-1.2296,0,6
2025-07-15T15:45:00Z,0,2,0.7434,25.46,0.358,1.422,0.655,0.353,0.049,LONG,TAKE_PROFIT,2.1294,2.1294,1,29
2025-07-15T23:30:00Z,8,2,0.4568,19.21,1.72,1.274,1.274,-0.058,0.976,LONG,STOP_LOSS,-1.2296,-1.2296,0,13
2025-07-16T04:00:00Z,13,2,0.3351,18.1,0.265,0.037,-1.025,0.158,0.163,LONG,TAKE_PROFIT,1.3814,1.3814,1,19
2025-07-16T11:45:00Z,20,2,0.4102,25.66,0.324,0.609,1.34,0.078,0.484,LONG,STOP_LOSS,-1.0679,-1.0679,0,15
2025-07-16T16:00:00Z,1,3,0.7066,25.0,1.227,1.51,1.645,-0.439,-0.566,LONG,TAKE_PROFIT,2.1294,2.1294,1,2
2025-07-16T19:45:00Z,4,3,0.5001,33.31,0.126,0.514,3.503,-0.185,-0.002,LONG,STOP_LOSS,-1.1097,-1.1097,0,24
2025-07-17T06:30:00Z,15,3,0.4488,21.33,1.162,1.262,1.509,0.178,0.381,LONG,TAKE_PROFIT,2.1294,2.1294,1,13
2025-07-17T10:30:00Z,19,3,0.6013,25.12,0.758,-0.626,1.467,-0.579,-0.232,LONG,STOP_LOSS,-1.2296,-1.2296,0,13
2025-07-17T15:00:00Z,0,4,0.769,21.12,0.912,-0.267,-1.691,-0.047,0.088,LONG,STOP_LOSS,-1.2296,-1.2296,0,1
2025-07-18T03:00:00Z,12,4,0.6913,27.23,2.883,0.552,2.479,-0.027,0.386,LONG,TAKE_PROFIT,2.1294,2.1294,1,9
2025-07-18T05:45:00Z,14,4,0.6274,40.09,0.362,1.218,1.856,0.192,0.335,LONG,STOP_LOSS,-1.2296,-1.2296,0,9
2025-07-18T14:15:00Z,23,4,0.7219,27.62,1.594,-1.002,-0.477,-0.611,-0.807,LONG,STOP_LOSS,-1.2296,-1.2296,0,1
2025-07-19T03:15:00Z,12,5,0.3941,9.7,1.163,0.808,0.923,0.268,0.492,LONG,STOP_LOSS,-1.2296,-1.2296,0,21
2025-07-20T00:45:00Z,9,6,0.287,14.03,1.572,0.303,-0.06,0.061,0.153,LONG,TAKE_PROFIT,1.9331,1.9331,1,31
2025-07-20T12:45:00Z,21,6,0.3381,40.67,1.098,0.704,0.457,0.146,-0.108,LONG,TAKE_PROFIT,1.3804,1.3804,1,26
2025-07-20T19:30:00Z,4,0,0.5435,25.08,8.946,0.705,0.601,0.079,-0.29,LONG,STOP_LOSS,-1.0653,-1.0653,0,4
2025-07-20T21:45:00Z,6,0,0.4491,16.32,0.018,0.278,0.561,-0.08,-0.122,LONG,STOP_LOSS,-0.8284,-0.8284,0,2
2025-07-21T05:30:00Z,14,0,0.6388,30.9,0.613,0.453,4.323,-0.362,1.003,LONG,TAKE_PROFIT,2.1294,2.1294,1,9
2025-07-21T13:45:00Z,22,0,0.5542,35.06,1.395,0.662,0.275,0.517,-0.212,LONG,TAKE_PROFIT,2.1294,2.1294,1,6
2025-07-21T20:30:00Z,5,1,0.631,21.19,1.156,1.442,0.243,0.291,-0.434,LONG,TAKE_PROFIT,2.1294,2.1294,1,21
2025-07-22T22:30:00Z,7,2,0.4161,10.29,0.564,0.975,0.165,0.471,0.77,LONG,TAKE_PROFIT,2.1294,2.1294,1,6
2025-07-23T00:45:00Z,9,2,0.6563,18.5,0.485,-1.088,1.596,-0.542,-0.16,LONG,STOP_LOSS,-1.2296,-1.2296,0,13
2025-07-24T01:00:00Z,10,3,0.5649,24.58,0.127,0.599,1.64,-0.151,0.375,LONG,STOP_LOSS,-1.2296,-1.2296,0,3
2025-07-24T02:00:00Z,11,3,0.488,20.3,0.65,0.427,1.171,0.079,0.282,LONG,STOP_LOSS,-1.1356,-1.1356,0,10
2025-07-25T06:15:00Z,15,4,0.7169,45.17,1.085,-0.836,-3.125,-0.397,-1.875,SHORT,STOP_LOSS,-1.2304,-1.2304,0,9
2025-07-26T15:15:00Z,0,6,0.3502,20.74,0.711,-0.108,-0.458,-0.128,-0.075,SHORT,STOP_LOSS,-1.1926,-1.1926,0,96
2025-07-28T12:30:00Z,21,0,0.3649,19.52,0.231,0.834,0.54,0.07,-0.0,LONG,STOP_LOSS,-0.8903,-0.8903,0,4
2025-07-29T02:30:00Z,11,1,0.6699,36.28,0.394,-1.002,-0.648,-0.35,-0.022,SHORT,STOP_LOSS,-1.2304,-1.2304,0,3
2025-07-30T00:30:00Z,9,2,0.3004,14.8,0.477,-1.227,-0.597,-0.335,0.124,SHORT,STOP_LOSS,-0.6905,-0.6905,0,9
2025-07-31T17:30:00Z,2,4,0.4613,25.38,2.499,-0.87,0.183,-0.488,-0.122,SHORT,TAKE_PROFIT,2.1306,2.1306,1,17
2025-08-01T04:15:00Z,13,4,0.6032,37.21,0.519,-1.475,-0.822,-0.436,-0.182,SHORT,TAKE_PROFIT,2.1306,2.1306,1,16
2025-08-02T06:15:00Z,15,5,0.2806,19.73,2.789,-1.332,-1.165,-0.417,0.027,SHORT,TAKE_PROFIT,1.2737,1.2737,1,38
2025-08-02T16:00:00Z,1,6,0.4509,19.2,0.52,-0.878,-1.518,-0.444,-0.804,SHORT,TAKE_PROFIT,2.1306,2.1306,1,10
2025-08-02T22:30:00Z,7,6,0.4902,24.75,5.783,-0.141,1.601,-0.062,0.231,SHORT,STOP_LOSS,-1.1557,-1.1557,0,11
2025-08-03T22:30:00Z,7,0,0.3316,13.42,0.221,-0.394,-0.319,-0.129,-0.213,SHORT,STOP_LOSS,-1.2304,-1.2304,0,3
2025-08-05T04:45:00Z,13,1,0.3354,15.28,1.568,-0.397,-1.233,-0.044,-0.355,SHORT,STOP_LOSS,-1.2304,-1.2304,0,20
2025-08-06T01:00:00Z,10,2,0.3337,25.75,0.242,-0.376,0.375,-0.119,0.118,SHORT,STOP_LOSS,-0.9278,-0.9278,0,44
2025-08-07T06:15:00Z,15,3,0.2986,14.45,2.312,0.878,0.609,-0.058,-0.45,LONG,TAKE_PROFIT,2.1294,2.1294,1,16
2025-08-07T15:45:00Z,0,4,0.4005,24.45,0.579,0.04,-0.987,0.225,0.255,LONG,STOP_LOSS,-0.8172,-0.8172,0,3
2025-08-07T20:00:00Z,5,4,0.4134,26.18,0.218,0.747,0.547,0.316,0.335,LONG,TAKE_PROFIT,2.1294,2.1294,1,12
2025-08-08T00:15:00Z,9,4,0.4183,37.28,1.021,0.261,1.24,-0.008,-0.174,LONG,TAKE_PROFIT,2.1294,2.1294,1,54
2025-08-08T14:15:00Z,23,4,0.4862,21.74,1.409,0.361,0.631,0.006,0.233,LONG,STOP_LOSS,-1.0098,-1.0098,0,4
2025-08-08T18:30:00Z,3,5,0.5164,19.21,0.008,-0.019,0.562,-0.157,-0.246,LONG,TAKE_PROFIT,2.1294,2.1294,1,46
2025-08-09T12:30:00Z,21,5,0.4072,39.51,0.73,0.071,0.004,-0.165,0.026,LONG,STOP_LOSS,-0.9151,-0.9151,0,6
2025-08-09T17:45:00Z,2,6,0.3615,20.15,0.365,0.944,0.979,0.019,-0.259,LONG,TAKE_PROFIT,1.9889,1.9889,1,37
2025-08-10T04:00:00Z,13,6,0.5867,29.5,0.393,0.327,2.403,0.654,1.739,LONG,STOP_LOSS,-1.2296,-1.2296,0,6
2025-08-10T15:00:00Z,0,0,0.4651,19.24,1.324,1.131,1.417,0.266,0.737,LONG,TAKE_PROFIT,2.1294,2.1294,1,38
2025-08-11T03:30:00Z,12,0,0.4751,17.05,0.603,-0.399,0.603,-0.265,1.689,LONG,STOP_LOSS,-1.2296,-1.2296,0,18
2025-08-12T13:00:00Z,22,1,0.521,14.89,2.18,1.03,0.382,0.357,0.176,LONG,TAKE_PROFIT,2.1294,2.1294,1,12
2025-08-13T01:30:00Z,10,2,0.6287,50.93,0.449,-0.098,0.189,-0.199,-0.393,LONG,TAKE_PROFIT,2.1294,2.1294,1,6
2025-08-13T07:30:00Z,16,2,0.5645,26.77,0.045,1.0,-1.253,-0.049,-0.426,LONG,TAKE_PROFIT,1.8725,1.8725,1,8
2025-08-13T09:45:00Z,18,2,0.6132,33.25,1.02,1.972,2.471,0.037,0.327,LONG,STOP_LOSS,-1.2296,-1.2296,0,19
2025-08-13T19:30:00Z,4,3,0.544,22.87,0.195,0.725,2.028,0.726,1.046,LONG,TAKE_PROFIT,2.1294,2.1294,1,30
2025-08-14T04:15:00Z,13,3,0.774,41.53,1.273,0.337,2.442,-0.288,-0.965,LONG,STOP_LOSS,-1.2296,-1.2296,0,8
2025-08-15T02:30:00Z,11,4,0.3845,12.97,0.013,-0.349,0.813,0.223,0.288,LONG,STOP_LOSS,-1.0186,-1.0186,0,39
2025-08-16T02:45:00Z,11,5,0.5348,25.2,0.149,0.486,1.002,0.123,0.412,LONG,STOP_LOSS,-1.2296,-1.2296,0,37
2025-08-17T01:30:00Z,10,6,0.2573,11.34,0.427,-0.094,-0.442,0.064,-0.058,SHORT,STOP_LOSS,-1.1786,-1.1786,0,5
2025-08-18T14:00:00Z,23,0,0.4683,27.31,0.229,-0.553,0.288,-0.324,0.339,SHORT,STOP_LOSS,-1.2304,-1.2304,0,9
2025-08-19T03:15:00Z,12,1,0.5637,16.12,0.448,-0.697,-1.756,-0.383,-0.86,SHORT,TAKE_PROFIT,2.1306,2.1306,1,4
2025-08-19T07:30:00Z,16,1,0.4107,23.87,0.016,-0.376,-0.109,-0.101,-0.278,SHORT,STOP_LOSS,-0.9409,-0.9409,0,7
2025-08-20T00:00:00Z,9,2,0.3879,19.15,0.29,-0.853,0.79,0.11,0.16,SHORT,STOP_LOSS,-1.2304,-1.2304,0,3
2025-08-21T08:45:00Z,17,3,0.2804,21.51,0.323,-0.465,-0.979,-0.264,-0.093,SHORT,TAKE_PROFIT,1.6929,1.6929,1,29
2025-08-21T20:00:00Z,5,4,0.3484,24.97,2.379,-1.28,-1.459,-0.189,-0.445,SHORT,STOP_LOSS,-1.2304,-1.2304,0,22
2025-08-23T04:00:00Z,13,5,0.6062,28.04,0.155,0.571,-0.348,-0.152,-0.844,LONG,TAKE_PROFIT,2.1294,2.1294,1,3
2025-08-23T07:45:00Z,16,5,0.7852,37.66,0.018,-0.584,3.272,0.047,0.198,LONG,STOP_LOSS,-1.2296,-1.2296,0,3
2025-08-23T09:45:00Z,18,5,0.5387,24.07,0.112,0.451,-1.219,-0.061,-0.245,LONG,STOP_LOSS,-1.1005,-1.1005,0,5
2025-08-24T00:00:00Z,9,6,0.2766,12.48,4.027,0.772,0.33,0.105,0.257,LONG,TAKE_PROFIT,1.2167,1.2167,1,3
2025-08-24T01:30:00Z,10,6,0.4595,19.43,1.712,0.056,1.634,0.007,0.412,LONG,TAKE_PROFIT,2.1294,2.1294,1,4
2025-08-24T03:00:00Z,12,6,0.7526,30.92,0.676,-0.238,2.28,-0.513,-0.246,LONG,STOP_LOSS,-1.2296,-1.2296,0,30
2025-08-24T15:45:00Z,0,0,0.5744,25.83,0.17,-0.557,0.513,-0.105,-0.277,LONG,TAKE_PROFIT,2.1294,2.1294,1,12
2025-08-26T08:30:00Z,17,1,0.4901,21.32,1.708,-0.372,0.133,-0.266,-0.059,LONG,STOP_LOSS,-0.9717,-0.9717,0,6
2025-08-26T13:15:00Z,22,1,0.6206,20.1,0.031,1.188,0.204,0.202,-0.422,LONG,TAKE_PROFIT,2.1294,2.1294,1,19
2025-08-26T22:00:00Z,7,2,0.4104,43.71,2.052,0.211,1.744,0.753,1.582,LONG,STOP_LOSS,-0.9781,-0.9781,0,12
2025-08-27T01:45:00Z,10,2,0.5284,28.51,3.935,0.791,-0.045,0.047,-0.115,LONG,TAKE_PROFIT,1.5953,1.5953,1,3
2025-08-27T06:00:00Z,15,2,0.686,39.46,1.208,-0.696,3.496,-0.442,0.137,LONG,TAKE_PROFIT,2.1294,2.1294,1,35
2025-08-27T15:00:00Z,0,3,0.6675,38.85,1.26,1.992,1.747,0.185,0.501,LONG,STOP_LOSS,-1.2296,-1.2296,0,21
2025-08-28T03:00:00Z,12,3,0.7381,17.69,0.538,0.769,1.251,0.229,0.481,LONG,TAKE_PROFIT,2.1294,2.1294,1,8
2025-08-28T06:30:00Z,15,3,0.5799,25.67,0.406,-0.177,1.835,0.308,1.362,LONG,TAKE_PROFIT,2.1294,2.1294,1,7
2025-08-28T09:00:00Z,18,3,0.7013,33.28,2.829,-1.509,0.658,-0.297,0.153,LONG,STOP_LOSS,-1.2296,-1.2296,0,27
2025-08-28T21:00:00Z,6,4,0.5047,11.89,1.466,1.316,2.693,0.063,-0.032,LONG,STOP_LOSS,-1.2296,-1.2296,0,41
2025-08-30T03:45:00Z,12,5,0.6058,17.67,1.051,1.274,1.098,0.559,0.155,LONG,STOP_LOSS,-1.2296,-1.2296,0,21
2025-08-31T00:00:00Z,9,6,0.3051,21.0,0.991,0.69,1.373,0.196,0.101,LONG,STOP_LOSS,-1.2296,-1.2296,0,95
2025-09-01T15:30:00Z,0,1,0.4585,12.62,0.106,-0.428,0.387,-0.296,0.251,SHORT,TAKE_PROFIT,1.9849,1.9849,1,23
2025-09-03T04:00:00Z,13,2,0.5764,34.72,1.082,-0.831,-0.24,-0.142,-0.316,LONG,STOP_LOSS,-1.2296,-1.2296,0,8
2025-09-03T07:45:00Z,16,2,0.3249,18.17,0.884,0.209,-0.087,0.407,-0.099,LONG,TAKE_PROFIT,1.4339,1.4339,1,25
2025-09-03T14:45:00Z,23,2,0.5708,21.56,3.092,-0.003,0.807,0.384,0.384,LONG,STOP_LOSS,-1.2296,-1.2296,0,8
2025-09-03T18:15:00Z,3,3,0.3369,12.85,0.009,-0.077,-0.294,-0.224,0.496,LONG,STOP_LOSS,-0.9316,-0.9316,0,2
2025-09-04T00:15:00Z,9,3,0.2946,14.8,0.925,0.796,1.124,0.19,-0.155,LONG,STOP_LOSS,-1.2296,-1.2296,0,9
2025-09-05T05:15:00Z,14,4,0.2689,13.59,0.28,0.185,1.179,0.254,0.663,LONG,TAKE_PROFIT,1.8335,1.8335,1,10
2025-09-05T08:15:00Z,17,4,0.4088,18.94,7.791,0.13,1.831,-0.096,1.199,LONG,STOP_LOSS,-1.2296,-1.2296,0,6
2025-09-05T10:15:00Z,19,4,0.4792,14.51,0.442,0.734,1.074,0.044,0.563,LONG,STOP_LOSS,-0.9779,-0.9779,0,10
2025-09-06T16:00:00Z,1,6,0.2728,24.43,0.379,0.162,-0.251,-0.321,-0.472,SHORT,STOP_LOSS,-0.823,-0.823,0,40
2025-09-08T14:45:00Z,23,0,0.5181,45.92,0.093,1.036,0.107,0.655,0.508,LONG,STOP_LOSS,-0.9201,-0.9201,0,38
2025-09-09T04:45:00Z,13,1,0.467,20.33,0.168,-0.19,1.02,0.121,0.148,LONG,TAKE_PROFIT,2.1294,2.1294,1,12
2025-09-09T08:45:00Z,17,1,0.4439,32.2,0.13,-0.561,1.446,-0.37,0.479,LONG,STOP_LOSS,-1.2296,-1.2296,0,19
2025-09-09T13:45:00Z,22,1,0.3071,14.22,3.124,0.248,-0.159,0.046,0.172,LONG,STOP_LOSS,-0.6945,-0.6945,0,2
2025-09-10T00:00:00Z,9,2,0.2308,14.51,1.012,-0.275,0.49,-0.028,0.145,LONG,TAKE_PROFIT,1.7947,1.7947,1,29
2025-09-10T10:45:00Z,19,2,0.4074,29.96,1.592,-0.117,0.436,0.01,0.293,LONG,TAKE_PROFIT,1.1421,1.1421,1,8
2025-09-10T13:30:00Z,22,2,0.5408,31.56,0.674,-0.085,1.445,0.563,1.388,LONG,TAKE_PROFIT,2.1294,2.1294,1,91
2025-09-11T12:45:00Z,21,3,0.6853,18.4,0.815,0.432,1.145,-0.225,-0.256,LONG,STOP_LOSS,-1.2296,-1.2296,0,2
2025-09-11T15:00:00Z,0,4,0.9485,16.12,0.577,-0.129,-0.156,0.212,-0.091,LONG,TAKE_PROFIT,2.1294,2.1294,1,39
2025-09-12T01:45:00Z,10,4,0.5455,33.86,0.783,-0.251,2.408,-0.29,0.908,LONG,TAKE_PROFIT,2.1294,2.1294,1,12
2025-09-12T09:15:00Z,18,4,0.3484,47.67,0.165,0.339,0.345,-0.124,-0.227,LONG,TAKE_PROFIT,1.327,1.327,1,52
2025-09-12T22:45:00Z,7,5,0.5506,21.86,2.246,0.22,0.098,0.153,-0.189,LONG,STOP_LOSS,-1.2296,-1.2296,0,53
2025-09-13T22:15:00Z,7,6,0.2439,20.25,0.774,0.112,1.318,-0.041,0.231,LONG,TAKE_PROFIT,1.9688,1.9688,1,15
2025-09-14T04:30:00Z,13,6,0.6888,37.42,0.716,-0.118,1.785,0.027,-0.086,LONG,STOP_LOSS,-1.2296,-1.2296,0,38
2025-09-14T17:30:00Z,2,0,0.5331,22.31,0.503,0.821,0.845,0.168,0.249,LONG,STOP_LOSS,-1.2296,-1.2296,0,7
2025-09-15T05:30:00Z,14,0,0.3138,19.73,0.276,0.184,0.981,0.326,0.926,LONG,STOP_LOSS,-1.2296,-1.2296,0,6
2025-09-16T01:15:00Z,10,1,0.3059,12.4,0.715,0.769,0.428,0.412,0.131,LONG,STOP_LOSS,-0.9814,-0.9814,0,13
2025-09-17T00:15:00Z,9,2,0.3237,18.81,0.077,-0.652,-0.695,-0.075,-0.083,SHORT,STOP_LOSS,-1.2304,-1.2304,0,77
2025-09-18T08:00:00Z,17,3,0.3119,21.0,0.121,0.108,-0.556,0.084,-0.264,LONG,TAKE_PROFIT,1.6554,1.6554,1,23
2025-09-18T14:00:00Z,23,3,0.3919,19.97,2.771,0.28,0.866,0.229,0.682,LONG,TAKE_PROFIT,1.2529,1.2529,1,12
2025-09-18T18:15:00Z,3,4,0.4889,38.99,0.156,-0.239,1.222,0.234,-0.01,LONG,STOP_LOSS,-1.2296,-1.2296,0,6
2025-09-20T04:45:00Z,13,5,0.2539,21.48,1.926,0.02,-0.042,0.098,-0.041,LONG,STOP_LOSS,-1.0049,-1.0049,0,133
2025-09-22T05:15:00Z,14,0,0.3353,20.26,0.249,-0.22,-0.684,-0.078,-0.089,SHORT,TAKE_PROFIT,1.1547,1.1547,1,3
2025-09-22T15:15:00Z,0,1,0.4949,42.3,1.342,-1.272,-0.14,-0.688,-0.12,SHORT,TAKE_PROFIT,2.1306,2.1306,1,44
2025-09-23T17:30:00Z,2,2,0.6253,15.79,2.931,-1.262,-1.627,-0.631,-0.849,SHORT,TAKE_PROFIT,2.1306,2.1306,1,31
2025-09-24T03:15:00Z,12,2,0.6503,15.73,9.076,-2.689,-2.486,-0.368,0.074,SHORT,TAKE_PROFIT,2.1306,2.1306,1,1
2025-09-25T00:30:00Z,9,3,0.4004,22.68,4.168,-0.4,-0.302,-0.087,-0.41,SHORT,TAKE_PROFIT,1.9516,1.9516,1,12
2025-09-25T11:15:00Z,20,3,0.5543,31.32,2.852,-0.721,-1.465,-0.077,-0.088,SHORT,STOP_LOSS,-1.2304,-1.2304,0,13
2025-09-25T16:30:00Z,1,4,0.6839,20.87,0.012,-0.747,-0.037,-0.245,0.085,SHORT,TAKE_PROFIT,2.1306,2.1306,1,5
2025-09-25T20:30:00Z,5,4,0.8613,23.35,1.225,-1.384,-1.381,-0.303,-1.675,SHORT,TAKE_PROFIT,2.1306,2.1306,1,13
2025-09-26T04:45:00Z,13,4,0.4835,9.44,0.074,-0.357,0.075,-0.276,-0.108,SHORT,TAKE_PROFIT,2.1306,2.1306,1,26
2025-09-27T08:15:00Z,17,5,0.2783,16.35,0.253,-0.234,-1.013,-0.187,-0.364,SHORT,STOP_LOSS,-1.1203,-1.1203,0,23
2025-09-28T01:45:00Z,10,6,0.3332,15.68,1.136,-0.903,-1.118,-0.237,-0.112,SHORT,STOP_LOSS,-1.2304,-1.2304,0,56
2025-09-29T14:30:00Z,23,0,0.581,22.34,0.337,1.175,2.096,0.701,1.703,LONG,STOP_LOSS,-1.2296,-1.2296,0,11
2025-09-30T19:45:00Z,4,2,0.4609,17.87,2.306,0.74,1.301,0.599,1.028,LONG,TAKE_PROFIT,2.1294,2.1294,1,50
2025-10-01T15:00:00Z,0,3,0.5113,41.27,0.476,-0.273,0.632,0.141,0.751,LONG,TAKE_PROFIT,2.1294,2.1294,1,48
2025-10-02T04:30:00Z,13,3,0.4673,31.38,0.197,-0.49,1.561,-0.276,0.034,LONG,TAKE_PROFIT,2.1294,2.1294,1,47
2025-10-02T16:30:00Z,1,4,0.6392,21.05,3.228,0.141,0.252,-0.012,0.572,LONG,TAKE_PROFIT,2.1294,2.1294,1,11
2025-10-02T20:45:00Z,5,4,0.5042,35.92,0.305,0.0,1.914,-0.057,0.887,LONG,STOP_LOSS,-1.1423,-1.1423,0,41
2025-10-03T19:45:00Z,4,5,0.8141,15.06,0.069,-0.157,-0.549,0.102,0.467,LONG,STOP_LOSS,-1.2296,-1.2296,0,2
2025-10-03T20:45:00Z,5,5,0.5761,13.76,0.263,-0.044,-0.194,-0.197,-0.077,LONG,STOP_LOSS,-1.2296,-1.2296,0,13
2025-10-04T21:45:00Z,6,6,0.2145,20.18,0.747,0.012,0.858,0.285,0.293,LONG,TAKE_PROFIT,1.2971,1.2971,1,20
2025-10-05T03:30:00Z,12,6,0.4383,25.42,1.037,0.906,1.578,0.267,1.358,LONG,TAKE_PROFIT,2.1294,2.1294,1,15
2025-10-05T22:30:00Z,7,0,0.4737,27.35,0.018,-0.041,0.672,0.542,1.245,LONG,TAKE_PROFIT,2.1294,2.1294,1,18
2025-10-06T04:15:00Z,13,0,0.4361,37.45,1.139,-0.238,1.693,0.206,0.534,LONG,TAKE_PROFIT,2.1294,2.1294,1,53
2025-10-06T17:45:00Z,2,1,0.5552,27.15,0.158,0.608,1.189,-0.103,0.356,LONG,STOP_LOSS,-1.2296,-1.2296,0,15
2025-10-07T04:00:00Z,13,1,0.3315,10.95,0.068,-0.219,0.289,-0.27,-0.558,LONG,STOP_LOSS,-1.2131,-1.2131,0,11
2025-10-09T00:00:00Z,9,3,0.2805,24.48,2.233,0.167,-0.352,0.122,-0.321,LONG,STOP_LOSS,-0.6543,-0.6543,0,5
2025-10-10T03:15:00Z,12,4,0.3127,15.0,0.771,-0.13,0.418,0.12,-0.145,SHORT,STOP_LOSS,-1.1765,-1.1765,0,2
2025-10-11T19:15:00Z,4,6,0.6404,15.48,2.821,-1.627,-2.651,-0.496,-0.785,SHORT,TAKE_PROFIT,2.1306,2.1306,1,3
2025-10-13T05:30:00Z,14,0,0.4644,17.07,0.027,-0.928,-2.341,-0.114,-0.97,SHORT,STOP_LOSS,-1.2304,-1.2304,0,5
2025-10-13T11:15:00Z,20,0,0.5863,19.04,4.956,-2.885,-4.652,-1.204,-1.72,SHORT,STOP_LOSS,-1.2304,-1.2304,0,10
2025-10-15T20:00:00Z,5,3,0.688,22.26,0.235,-0.314,-1.042,0.121,0.411,SHORT,TAKE_PROFIT,2.1306,2.1306,1,54
2025-10-16T12:30:00Z,21,3,0.8154,13.8,0.219,0.604,2.586,0.283,0.726,LONG,STOP_LOSS,-1.2296,-1.2296,0,7
2025-10-16T23:00:00Z,8,4,0.6291,36.01,0.298,-0.627,-2.805,-0.235,-0.143,SHORT,STOP_LOSS,-1.2304,-1.2304,0,7
2025-10-17T05:45:00Z,14,4,0.348,13.51,1.425,-0.923,-0.675,-0.444,-0.686,SHORT,TAKE_PROFIT,1.3472,1.3472,1,4
2025-10-18T16:15:00Z,1,6,0.3118,12.11,0.123,-0.362,-0.996,-0.147,-0.321,SHORT,STOP_LOSS,-0.7425,-0.7425,0,12
2025-10-19T06:45:00Z,15,6,0.2016,16.3,3.057,-0.42,-0.057,-0.081,-0.121,SHORT,STOP_LOSS,-1.1695,-1.1695,0,13
2025-10-19T23:30:00Z,8,0,0.2978,16.55,4.816,-1.26,-0.793,-0.551,-0.175,SHORT,TAKE_PROFIT,1.5793,1.5793,1,4
2025-10-20T16:00:00Z,1,1,0.4838,13.87,8.565,-1.055,-1.547,0.02,0.071,SHORT,TAKE_PROFIT,2.1306,2.1306,1,7
2025-10-20T22:00:00Z,7,1,0.3759,14.08,0.273,-0.618,0.881,-0.346,0.204,SHORT,TAKE_PROFIT,2.1306,2.1306,1,25
2025-10-21T07:15:00Z,16,1,0.4101,36.57,0.215,-0.45,-1.023,-0.247,-1.269,SHORT,STOP_LOSS,-0.8701,-0.8701,0,12
2025-10-21T19:45:00Z,4,2,0.6556,26.69,0.22,-0.071,-1.074,-0.216,-1.326,LONG,STOP_LOSS,-1.1193,-1.1193,0,3
2025-10-22T12:45:00Z,21,2,0.4382,25.25,0.438,0.58,0.656,0.561,-0.03,LONG,STOP_LOSS,-1.2296,-1.2296,0,7
2025-10-23T12:30:00Z,21,3,0.4355,43.75,1.087,0.15,0.363,-0.304,-0.535,LONG,TAKE_PROFIT,2.1294,2.1294,1,21
2025-10-23T18:00:00Z,3,4,0.5129,42.55,0.12,0.611,1.661,0.683,1.658,LONG,STOP_LOSS,-1.2296,-1.2296,0,9
2025-10-23T23:30:00Z,8,4,0.3442,26.03,0.121,0.628,-0.086,0.066,-0.245,LONG,TAKE_PROFIT,2.1294,2.1294,1,53
2025-10-24T13:00:00Z,22,4,0.3969,21.09,0.691,0.387,-0.02,-0.139,-0.276,LONG,STOP_LOSS,-1.2296,-1.2296,0,6
2025-10-24T22:30:00Z,7,5,0.2375,32.45,0.272,0.135,1.392,0.052,0.396,LONG,STOP_LOSS,-0.7276,-0.7276,0,37
2025-10-25T18:45:00Z,3,6,0.2241,21.26,0.787,0.842,0.698,0.291,0.089,LONG,TAKE_PROFIT,1.9541,1.9541,1,64
2025-10-26T12:45:00Z,21,6,0.3985,37.88,0.738,0.099,1.932,0.261,1.56,LONG,TAKE_PROFIT,2.1294,2.1294,1,37
2025-10-26T22:30:00Z,7,0,0.4101,27.39,0.751,0.786,0.329,1.098,0.893,LONG,TAKE_PROFIT,1.7866,1.7866,1,9
2025-10-27T03:00:00Z,12,0,0.4024,49.85,0.443,-0.338,1.966,-0.161,0.423,LONG,STOP_LOSS,-1.2296,-1.2296,0,22
2025-10-27T16:30:00Z,1,1,0.4763,30.37,0.592,0.9,1.595,0.368,0.437,LONG,STOP_LOSS,-1.2296,-1.2296,0,17
2025-10-28T02:00:00Z,11,1,0.3184,21.06,0.033,0.245,0.753,0.025,-0.528,LONG,STOP_LOSS,-1.2296,-1.2296,0,16
2025-10-29T05:45:00Z,14,2,0.2175,20.58,1.115,0.493,0.881,0.38,0.853,LONG,TAKE_PROFIT,2.1294,2.1294,1,30
2025-10-29T14:00:00Z,23,2,0.5475,38.33,1.203,-0.337,2.859,-0.582,-0.355,LONG,STOP_LOSS,-1.2296,-1.2296,0,7
2025-10-30T00:15:00Z,9,3,0.4285,23.2,0.184,-0.387,-0.671,-0.158,-0.971,SHORT,STOP_LOSS,-1.2304,-1.2304,0,7
2025-10-30T15:45:00Z,0,4,0.721,41.74,0.55,-1.421,-3.685,-0.653,-1.773,SHORT,TAKE_PROFIT,2.1306,2.1306,1,12
2025-11-01T02:15:00Z,11,5,0.2027,15.39,0.449,-0.731,-1.146,0.074,0.051,SHORT,STOP_LOSS,-1.0531,-1.0531,0,93
2025-11-02T10:30:00Z,19,6,0.2771,28.22,2.366,-0.864,-0.971,-0.192,-0.124,SHORT,STOP_LOSS,-1.2304,-1.2304,0,53
2025-11-03T02:45:00Z,11,0,0.5295,22.19,0.691,-1.014,-0.506,-0.607,-0.767,SHORT,TAKE_PROFIT,2.1306,2.1306,1,4
2025-11-03T11:00:00Z,20,0,0.5335,37.01,1.025,-0.115,-0.383,0.03,0.07,SHORT,STOP_LOSS,-1.2304,-1.2304,0,5
2025-11-04T03:00:00Z,12,1,0.573,24.38,2.212,-0.181,1.699,-0.104,0.533,SHORT,TAKE_PROFIT,1.9168,1.9168,1,10
2025-11-04T13:30:00Z,22,1,0.5112,18.14,1.707,0.421,1.054,0.105,0.254,SHORT,STOP_LOSS,-1.0459,-1.0459,0,1
2025-11-06T05:30:00Z,14,3,0.4722,14.68,1.381,-1.595,-0.816,-0.644,-0.041,SHORT,TAKE_PROFIT,2.1306,2.1306,1,41
2025-11-06T23:30:00Z,8,4,0.5906,16.82,0.058,-0.515,-1.557,-0.208,-0.439,SHORT,STOP_LOSS,-1.2304,-1.2304,0,3
2025-11-08T07:30:00Z,16,5,0.4762,23.71,0.549,-0.895,-1.94,-0.151,-0.467,SHORT,STOP_LOSS,-1.2304,-1.2304,0,8
2025-11-08T11:45:00Z,20,5,0.3572,21.11,0.438,-1.142,-0.635,-0.623,-0.458,SHORT,TAKE_PROFIT,2.1306,2.1306,1,17
2025-11-08T19:30:00Z,4,6,0.277,40.27,0.328,-0.752,0.158,-0.065,0.39,SHORT,STOP_LOSS,-0.9842,-0.9842,0,8
2025-11-09T00:30:00Z,9,6,0.1441,17.09,5.475,-0.638,-0.31,-0.346,-0.105,SHORT,STOP_LOSS,-0.8736,-0.8736,0,24
2025-11-09T22:00:00Z,7,0,0.5023,39.54,2.705,-0.237,2.019,0.248,0.997,LONG,TAKE_PROFIT,2.1294,2.1294,1,21
2025-11-10T03:30:00Z,12,0,0.5809,32.16,0.187,0.721,2.381,0.574,1.696,LONG,STOP_LOSS,-1.2296,-1.2296,0,46
2025-11-10T20:45:00Z,5,1,0.3871,16.42,0.469,0.439,0.984,0.168,0.734,LONG,STOP_LOSS,-1.2296,-1.2296,0,4
2025-11-11T00:00:00Z,9,1,0.4656,15.28,2.068,-0.638,-0.585,-0.173,-0.168,LONG,TAKE_PROFIT,2.1294,2.1294,1,6
2025-11-11T02:15:00Z,11,1,0.7038,15.52,0.365,-0.333,1.618,-0.536,0.89,LONG,TAKE_PROFIT,2.0582,2.0582,1,4
2025-11-11T04:00:00Z,13,1,0.8512,22.03,0.344,-1.35,1.565,-0.618,0.365,LONG,STOP_LOSS,-1.2296,-1.2296,0,4
2025-11-12T06:30:00Z,15,2,0.2975,26.61,0.756,0.261,1.545,0.037,0.611,LONG,TAKE_PROFIT,2.1294,2.1294,1,17
2025-11-12T22:30:00Z,7,3,0.4053,17.29,2.31,-0.6,-0.341,-0.053,0.338,SHORT,STOP_LOSS,-0.9885,-0.9885,0,11
2025-11-13T03:15:00Z,12,3,0.7379,11.36,8.004,0.568,-0.16,0.069,0.199,SHORT,STOP_LOSS,-1.2304,-1.2304,0,1
2025-11-14T01:00:00Z,10,4,0.6855,29.13,1.908,-0.924,0.594,-0.482,0.336,SHORT,STOP_LOSS,-1.2304,-1.2304,0,6
2025-11-16T01:45:00Z,10,6,0.4412,28.29,0.281,-0.552,0.065,-0.145,-0.016,SHORT,STOP_LOSS,-1.2304,-1.2304,0,3
2025-11-18T00:30:00Z,9,1,0.5703,21.36,0.63,-1.11,-0.07,-0.625,-0.211,SHORT,STOP_LOSS,-1.2304,-1.2304,0,3
2025-11-19T12:00:00Z,21,2,0.3582,15.37,0.168,-0.706,-0.752,-0.261,0.029,SHORT,TAKE_PROFIT,2.1306,2.1306,1,16
2025-11-20T08:00:00Z,17,3,0.4432,33.75,0.29,-0.443,-0.346,-0.185,-0.44,LONG,STOP_LOSS,-0.9351,-0.9351,0,5
2025-11-20T11:00:00Z,20,3,0.4392,23.16,0.277,0.816,-0.974,0.192,-0.522,LONG,STOP_LOSS,-0.9663,-0.9663,0,12
2025-11-22T04:00:00Z,13,5,0.4753,12.35,0.211,-1.219,-1.293,-0.66,-1.216,SHORT,STOP_LOSS,-1.2304,-1.2304,0,71
2025-11-24T00:00:00Z,9,0,0.4681,19.7,0.681,-1.103,-1.643,-1.133,-1.09,SHORT,STOP_LOSS,-1.2304,-1.2304,0,4
2025-11-25T00:45:00Z,9,1,0.3441,42.59,0.169,0.037,-0.422,-0.366,-1.194,LONG,STOP_LOSS,-0.7447,-0.7447,0,5
2025-11-26T00:00:00Z,9,2,0.5581,20.08,0.507,-0.293,2.232,-0.392,0.553,LONG,STOP_LOSS,-1.2296,-1.2296,0,37
2025-11-27T02:00:00Z,11,3,0.4096,20.55,0.329,0.296,-0.587,0.452,0.488,LONG,STOP_LOSS,-1.1987,-1.1987,0,33
2025-11-28T09:30:00Z,18,4,0.4474,20.36,3.484,0.95,0.724,0.36,-0.077,LONG,STOP_LOSS,-1.2296,-1.2296,0,8
2025-11-29T16:15:00Z,1,6,0.211,20.29,0.655,-0.089,-0.014,0.025,0.353,LONG,STOP_LOSS,-0.591,-0.591,0,5
2025-11-30T03:15:00Z,12,6,0.2326,18.41,1.655,-0.674,0.066,-0.296,-0.062,SHORT,STOP_LOSS,-0.9096,-0.9096,0,4
2025-12-01T10:00:00Z,19,0,0.2841,41.64,2.048,0.111,0.411,-0.118,0.175,SHORT,TAKE_PROFIT,1.6504,1.6504,1,21
2025-12-01T19:30:00Z,4,1,0.4738,17.82,0.08,-0.502,0.261,-0.065,1.188,SHORT,STOP_LOSS,-1.2304,-1.2304,0,3
2025-12-03T13:00:00Z,22,2,0.2577,22.27,0.964,0.254,-0.492,0.056,-0.219,LONG,STOP_LOSS,-0.7128,-0.7128,0,5
2025-12-03T21:15:00Z,6,3,0.3277,13.53,0.195,1.074,1.097,0.253,0.858,LONG,TAKE_PROFIT,2.1294,2.1294,1,3
2025-12-03T22:30:00Z,7,3,0.5448,20.95,1.913,0.671,2.011,0.098,0.441,LONG,STOP_LOSS,-1.2296,-1.2296,0,56
2025-12-06T04:45:00Z,13,5,0.207,16.01,3.923,-0.356,0.349,-0.023,0.636,LONG,STOP_LOSS,-0.5606,-0.5606,0,6
2025-12-06T13:00:00Z,22,5,0.1287,12.64,0.088,0.019,0.438,0.061,0.191,SHORT,STOP_LOSS,-0.5213,-0.5213,0,6
2025-12-07T07:45:00Z,16,6,0.1554,17.3,1.35,-0.609,-0.84,-0.321,-0.358,SHORT,TAKE_PROFIT,1.4716,1.4716,1,25
2025-12-09T06:00:00Z,15,1,0.3191,23.78,0.464,-0.208,-0.521,0.164,-0.086,SHORT,STOP_LOSS,-1.2304,-1.2304,0,8
2025-12-09T10:00:00Z,19,1,0.2447,15.23,0.41,-0.338,0.136,-0.212,0.358,SHORT,STOP_LOSS,-1.2082,-1.2082,0,21
2025-12-10T05:00:00Z,14,2,0.358,20.82,0.735,0.655,1.216,0.177,0.347,LONG,STOP_LOSS,-1.2296,-1.2296,0,22
2025-12-11T14:30:00Z,23,3,0.2418,14.49,20.402,-0.402,-0.285,0.131,-0.398,SHORT,STOP_LOSS,-1.0359,-1.0359,0,4
2025-12-12T04:00:00Z,13,4,0.4025,23.43,0.264,-0.285,0.094,-0.227,-0.013,LONG,TAKE_PROFIT,2.1294,2.1294,1,36
2025-12-12T14:15:00Z,23,4,0.2627,25.76,0.518,-0.129,0.631,-0.09,-0.267,LONG,STOP_LOSS,-0.8848,-0.8848,0,4
2025-12-13T05:45:00Z,14,5,0.1292,11.33,0.295,-0.116,0.32,-0.023,0.09,SHORT,STOP_LOSS,-0.4864,-0.4864,0,10
2025-12-14T09:30:00Z,18,6,0.166,15.16,0.464,-0.544,0.155,-0.142,-0.21,SHORT,TAKE_PROFIT,1.1568,1.1568,1,9
2025-12-14T14:45:00Z,23,6,0.3724,35.89,1.0,-0.352,-0.594,-0.408,-0.83,SHORT,STOP_LOSS,-0.949,-0.949,0,7
2025-12-16T01:00:00Z,10,1,0.3923,20.85,0.614,-0.703,1.097,-0.067,0.435,SHORT,STOP_LOSS,-1.2304,-1.2304,0,39
2025-12-17T08:45:00Z,17,2,0.2994,16.62,1.543,-1.093,-0.364,-0.743,-0.197,SHORT,STOP_LOSS,-1.2304,-1.2304,0,19
2025-12-19T00:45:00Z,9,4,0.4707,26.54,0.893,-0.903,1.008,0.182,1.241,SHORT,STOP_LOSS,-1.2304,-1.2304,0,10
2025-12-20T11:15:00Z,20,5,0.1572,13.88,4.97,0.02,0.08,0.112,-0.009,SHORT,TAKE_PROFIT,1.2573,1.2573,1,93
2025-12-21T17:15:00Z,2,0,0.3939,27.08,0.232,0.511,1.398,0.083,0.114,LONG,STOP_LOSS,-1.2296,-1.2296,0,4
2025-12-22T00:30:00Z,9,0,0.4262,23.85,1.653,0.771,0.878,0.688,0.851,LONG,STOP_LOSS,-1.2296,-1.2296,0,7
2025-12-22T04:00:00Z,13,0,0.4255,18.74,0.352,0.304,-1.33,0.1,-0.911,LONG,STOP_LOSS,-1.2296,-1.2296,0,63
2025-12-24T01:30:00Z,10,2,0.2094,13.99,2.513,-0.684,-1.379,-0.172,-0.459,SHORT,TAKE_PROFIT,1.0621,1.0621,1,5
2025-12-24T05:00:00Z,14,2,0.3404,27.35,0.004,-0.93,-1.715,-0.531,-0.934,SHORT,STOP_LOSS,-1.2304,-1.2304,0,44
2025-12-25T00:45:00Z,9,3,0.1762,12.19,1.232,-0.251,-0.402,-0.147,0.003,SHORT,STOP_LOSS,-0.9369,-0.9369,0,52
2025-12-25T23:00:00Z,8,4,0.2413,20.75,0.958,-0.793,-1.477,-0.264,-0.563,SHORT,STOP_LOSS,-1.2304,-1.2304,0,14
2025-12-26T22:15:00Z,7,5,0.1441,13.49,0.012,-0.376,0.168,-0.188,0.207,SHORT,STOP_LOSS,-0.4951,-0.4951,0,4
2025-12-28T06:00:00Z,15,6,0.1135,20.27,1.844,0.021,-0.031,-0.021,-0.148,SHORT,STOP_LOSS,-0.6492,-0.6492,0,10
2025-12-29T00:00:00Z,9,0,0.2332,26.07,3.001,0.706,1.076,-0.029,0.114,LONG,TAKE_PROFIT,2.1294,2.1294,1,7
2025-12-29T04:30:00Z,13,0,0.5486,50.42,0.887,-0.555,1.22,0.269,2.42,LONG,STOP_LOSS,-1.2296,-1.2296,0,11
2025-12-29T08:15:00Z,17,0,0.2396,24.91,1.517,0.634,-0.542,0.297,-0.389,LONG,STOP_LOSS,-0.645,-0.645,0,6
2025-12-30T04:15:00Z,13,1,0.2325,17.21,0.371,0.42,0.755,0.105,0.208,LONG,TAKE_PROFIT,1.6522,1.6522,1,49
2025-12-30T16:45:00Z,1,2,0.4923,24.37,0.553,0.378,1.426,-0.32,1.04,LONG,STOP_LOSS,-1.2296,-1.2296,0,10
2025-12-30T19:45:00Z,4,2,0.291,17.22,0.041,0.026,-0.465,-0.048,-0.701,LONG,STOP_LOSS,-0.6861,-0.6861,0,7
2025-12-31T00:00:00Z,9,2,0.1998,16.07,0.298,0.278,0.087,-0.06,0.274,LONG,TAKE_PROFIT,2.0415,2.0415,1,57
2025-12-31T14:30:00Z,23,2,0.2705,35.77,2.445,-0.147,-0.071,-0.064,0.091,LONG,STOP_LOSS,-0.5791,-0.5791,0,1
2026-01-01T01:15:00Z,10,3,0.1923,17.77,0.138,0.388,1.106,0.14,0.139,LONG,STOP_LOSS,-0.7979,-0.7979,0,23
2026-01-01T11:45:00Z,20,3,0.1034,12.26,0.393,0.026,0.318,0.213,0.441,LONG,STOP_LOSS,-0.3667,-0.3667,0,9
2026-01-02T00:15:00Z,9,4,0.2,32.57,0.014,-0.181,0.865,-0.09,0.472,LONG,TAKE_PROFIT,1.7312,1.7312,1,36
2026-01-02T09:30:00Z,18,4,0.2887,37.25,1.622,0.444,1.223,0.058,0.531,LONG,STOP_LOSS,-1.1286,-1.1286,0,20
2026-01-02T15:00:00Z,0,5,0.4096,27.92,2.635,0.08,-0.599,-0.057,-0.423,LONG,TAKE_PROFIT,2.1294,2.1294,1,7
2026-01-02T17:00:00Z,2,5,0.707,30.98,0.775,1.625,2.595,1.05,1.252,LONG,TAKE_PROFIT,2.1294,2.1294,1,106
2026-01-04T02:00:00Z,11,6,0.3489,50.35,0.742,-0.602,0.851,-0.12,0.8,LONG,TAKE_PROFIT,1.0607,1.0607,1,57
2026-01-04T16:30:00Z,1,0,0.2616,28.33,0.465,0.052,0.375,0.111,0.205,LONG,STOP_LOSS,-0.7971,-0.7971,0,9
2026-01-05T00:15:00Z,9,0,0.2752,20.62,2.336,0.238,0.415,0.732,0.778,LONG,TAKE_PROFIT,1.5051,1.5051,1,6
2026-01-05T03:00:00Z,12,0,0.4988,38.52,0.69,0.27,2.434,0.264,2.128,LONG,STOP_LOSS,-1.2296,-1.2296,0,7
2026-01-05T05:45:00Z,14,0,0.3075,26.19,1.822,-0.338,-1.108,-0.321,-0.555,LONG,STOP_LOSS,-0.7514,-0.7514,0,1
2026-01-06T01:30:00Z,10,1,0.3847,21.76,1.229,0.601,-0.433,0.121,-0.167,LONG,TAKE_PROFIT,1.8081,1.8081,1,52
2026-01-06T15:45:00Z,0,2,0.6546,33.44,1.046,-0.356,1.482,-0.085,-0.124,LONG,STOP_LOSS,-1.2296,-1.2296,0,3
2026-01-06T23:00:00Z,8,2,0.4881,21.28,0.694,0.382,2.129,0.434,1.371,LONG,STOP_LOSS,-1.2296,-1.2296,0,24
2026-01-07T23:30:00Z,8,3,0.2869,14.5,0.791,0.037,0.839,0.147,0.13,LONG,STOP_LOSS,-1.0305,-1.0305,0,27
2026-01-08T16:30:00Z,1,4,0.5798,24.12,0.44,1.299,2.676,0.219,0.937,LONG,TAKE_PROFIT,2.1294,2.1294,1,22
2026-01-08T23:00:00Z,8,4,0.458,25.3,0.845,-0.621,0.522,-0.121,0.04,LONG,STOP_LOSS,-1.2296,-1.2296,0,77
2026-01-10T12:30:00Z,21,5,0.1,22.92,0.056,-0.157,0.41,-0.077,0.106,LONG,STOP_LOSS,-0.597,-0.597,0,21
2026-01-11T16:00:00Z,1,0,0.3524,48.1,1.01,0.037,1.363,-0.0,0.122,LONG,TAKE_PROFIT,1.6821,1.6821,1,3
2026-01-11T17:00:00Z,2,0,0.5459,51.24,0.043,1.043,2.107,0.169,0.131,LONG,STOP_LOSS,-1.2296,-1.2296,0,13
2026-01-11T23:30:00Z,8,0,0.3201,19.0,0.349,0.844,-0.204,0.262,0.246,LONG,TAKE_PROFIT,2.1294,2.1294,1,14
2026-01-12T05:30:00Z,14,0,0.4074,35.98,0.21,-0.168,1.136,-0.158,0.95,LONG,STOP_LOSS,-0.9192,-0.9192,0,8
2026-01-12T18:15:00Z,3,1,0.5627,31.42,0.81,0.173,2.541,0.217,1.896,LONG,STOP_LOSS,-1.2296,-1.2296,0,2
2026-01-13T05:30:00Z,14,1,0.2825,23.04,3.771,0.682,0.957,0.69,1.188,LONG,TAKE_PROFIT,2.1294,2.1294,1,16
2026-01-13T09:45:00Z,18,1,0.3409,37.46,3.026,0.165,1.354,0.061,0.451,LONG,TAKE_PROFIT,1.772,1.772,1,27
2026-01-13T16:45:00Z,1,2,0.6414,27.23,0.401,0.018,0.93,0.044,1.562,LONG,TAKE_PROFIT,2.1294,2.1294,1,22
2026-01-13T23:30:00Z,8,2,0.6603,32.61,1.052,-1.347,0.884,-0.4,1.277,LONG,STOP_LOSS,-1.2296,-1.2296,0,27
2026-01-14T09:45:00Z,18,2,0.1871,10.01,0.111,0.126,0.196,0.085,-0.257,LONG,STOP_LOSS,-0.6355,-0.6355,0,4
2026-01-14T14:45:00Z,23,2,0.3993,21.36,4.097,1.443,0.993,1.29,1.192,LONG,STOP_LOSS,-1.2296,-1.2296,0,50
2026-01-15T09:45:00Z,18,3,0.2675,12.7,1.474,0.409,0.703,0.251,0.592,LONG,STOP_LOSS,-1.1371,-1.1371,0,19
2026-01-16T06:45:00Z,15,4,0.2824,23.4,0.218,0.656,0.562,0.101,0.348,LONG,STOP_LOSS,-1.2296,-1.2296,0,35
2026-01-17T09:45:00Z,18,5,0.1107,17.05,0.011,0.215,0.352,0.046,-0.079,LONG,STOP_LOSS,-0.5769,-0.5769,0,6
2026-01-18T15:00:00Z,0,0,0.1516,17.34,12.802,-0.426,-0.439,-0.217,-0.176,SHORT,STOP_LOSS,-0.5415,-0.5415,0,13
2026-01-19T10:45:00Z,19,0,0.1283,38.1,0.025,-0.062,0.447,-0.037,0.536,SHORT,STOP_LOSS,-0.3729,-0.3729,0,4
2026-01-20T04:30:00Z,13,1,0.2719,12.43,0.866,-0.364,-0.298,-0.18,-0.666,SHORT,TAKE_PROFIT,1.529,1.529,1,14
2026-01-20T12:00:00Z,21,1,0.3019,53.88,0.653,-0.054,-0.523,-0.18,0.033,SHORT,STOP_LOSS,-0.6416,-0.6416,0,11
2026-01-20T22:00:00Z,7,2,0.2311,24.37,0.071,-0.268,0.595,-0.223,-0.229,SHORT,TAKE_PROFIT,1.3066,1.3066,1,3
2026-01-21T02:45:00Z,11,2,0.3,19.14,1.089,-0.383,0.431,0.0,0.499,SHORT,STOP_LOSS,-0.7243,-0.7243,0,5
2026-01-21T12:00:00Z,21,2,0.2005,14.7,1.608,-0.993,-0.889,-1.171,-0.895,SHORT,STOP_LOSS,-1.019,-1.019,0,9
2026-01-22T14:00:00Z,23,3,0.2482,16.9,8.816,-0.65,-0.645,-0.368,-0.373,SHORT,TAKE_PROFIT,2.1306,2.1306,1,73
2026-01-23T13:45:00Z,22,4,0.1442,24.6,0.743,-0.308,0.0,0.137,0.627,SHORT,TAKE_PROFIT,1.0463,1.0463,1,5
2026-01-23T19:30:00Z,4,5,0.5744,19.65,4.245,-0.868,-0.448,-1.001,-0.663,SHORT,TAKE_PROFIT,2.1306,2.1306,1,125
2026-01-27T13:15:00Z,22,1,0.2185,37.72,4.623,-0.678,-1.094,-0.415,-1.043,SHORT,STOP_LOSS,-0.8317,-0.8317,0,11
2026-01-28T05:30:00Z,14,2,0.1835,14.1,0.926,-0.202,-0.366,-0.198,-0.657,SHORT,STOP_LOSS,-0.885,-0.885,0,18
2026-01-28T19:45:00Z,4,3,0.427,16.75,1.011,-0.01,0.155,-0.356,-0.05,SHORT,TAKE_PROFIT,2.0738,2.0738,1,31
2026-01-29T09:15:00Z,18,3,0.211,37.36,0.114,-0.517,-0.259,-0.407,0.003,SHORT,TAKE_PROFIT,1.4295,1.4295,1,22
2026-01-30T06:15:00Z,15,4,0.41,40.71,1.064,-1.707,0.609,-1.063,1.219,SHORT,TAKE_PROFIT,1.5214,1.5214,1,3
2026-01-31T08:15:00Z,17,5,0.5086,20.14,10.492,-2.041,-2.462,-0.789,-1.252,SHORT,TAKE_PROFIT,2.1306,2.1306,1,22
2026-02-01T03:45:00Z,12,6,0.5668,17.55,0.018,-0.588,-0.563,-0.066,0.133,SHORT,STOP_LOSS,-1.1532,-1.1532,0,16
2026-02-01T14:15:00Z,23,6,0.6325,12.3,3.766,-2.026,-2.356,-1.06,-1.44,SHORT,TAKE_PROFIT,2.1306,2.1306,1,4
2026-02-01T20:00:00Z,5,0,0.5615,17.06,1.954,-1.476,-0.734,-0.715,-0.443,SHORT,TAKE_PROFIT,2.1306,2.1306,1,13
2026-02-03T02:15:00Z,11,1,0.3796,23.26,0.294,-0.34,-0.965,-0.263,-0.037,SHORT,STOP_LOSS,-1.2304,-1.2304,0,10
2026-02-04T02:45:00Z,11,2,0.5628,21.98,0.449,-1.144,-0.105,-0.519,0.712,SHORT,STOP_LOSS,-1.2304,-1.2304,0,2
2026-02-04T05:45:00Z,14,2,0.5906,18.07,10.151,-1.065,-2.114,-0.247,-0.07,SHORT,STOP_LOSS,-1.2304,-1.2304,0,5
2026-02-08T04:00:00Z,13,6,0.3756,17.8,1.225,-0.314,-1.153,-0.238,-0.424,SHORT,STOP_LOSS,-1.2304,-1.2304,0,18
2026-02-09T06:15:00Z,15,0,0.4027,12.98,1.758,-1.24,-0.789,-0.969,-0.271,SHORT,TAKE_PROFIT,2.1306,2.1306,1,9
2026-02-09T14:00:00Z,23,0,0.4768,30.11,1.476,-1.228,-1.265,-1.206,-1.938,SHORT,STOP_LOSS,-1.1563,-1.1563,0,3
2026-02-10T03:15:00Z,12,1,0.3621,15.61,2.978,-1.647,-1.901,-1.285,-1.484,SHORT,TAKE_PROFIT,2.1306,2.1306,1,21
2026-02-10T18:30:00Z,3,2,0.5132,21.74,0.039,-1.465,0.101,-1.189,1.22,SHORT,TAKE_PROFIT,2.1306,2.1306,1,41
2026-02-11T13:30:00Z,22,2,0.4315,32.92,14.598,-0.032,0.37,0.118,0.771,SHORT,STOP_LOSS,-0.8184,-0.8184,0,1
2026-02-11T20:30:00Z,5,3,0.6378,17.73,7.561,-0.679,0.058,-0.549,1.656,SHORT,STOP_LOSS,-1.2304,-1.2304,0,3
2026-02-12T21:00:00Z,6,4,0.6584,36.94,0.228,-0.11,-0.809,-0.091,-0.056,SHORT,STOP_LOSS,-1.2304,-1.2304,0,8
2026-02-14T18:45:00Z,3,6,0.3212,38.43,0.001,0.0,0.953,0.07,-0.033,LONG,TAKE_PROFIT,2.017,2.017,1,42
2026-02-15T09:15:00Z,18,6,0.5826,22.55,0.35,0.24,1.763,0.056,0.374,LONG,STOP_LOSS,-1.2296,-1.2296,0,5
2026-02-16T09:30:00Z,18,0,0.2815,14.85,0.558,1.047,1.38,0.462,1.224,LONG,STOP_LOSS,-1.2296,-1.2296,0,8
2026-02-16T12:00:00Z,21,0,0.3552,16.23,0.114,0.628,0.651,0.442,0.505,LONG,STOP_LOSS,-1.1942,-1.1942,0,7
2026-02-17T00:15:00Z,9,1,0.3102,32.27,0.296,0.302,1.848,0.126,0.855,LONG,STOP_LOSS,-1.1595,-1.1595,0,21
2026-02-18T03:45:00Z,12,2,0.3477,17.19,1.416,0.877,0.614,0.448,0.475,LONG,STOP_LOSS,-1.2296,-1.2296,0,25
2026-02-19T09:15:00Z,18,3,0.2568,17.68,0.669,-0.008,0.15,0.281,0.432,SHORT,TAKE_PROFIT,2.1306,2.1306,1,19
2026-02-20T13:30:00Z,22,4,0.5003,29.22,16.307,-1.62,-2.642,-1.233,-2.342,SHORT,STOP_LOSS,-1.2304,-1.2304,0,6
2026-02-21T06:45:00Z,15,5,0.2344,10.36,0.014,-0.237,-0.374,-0.078,-0.411,SHORT,STOP_LOSS,-1.1272,-1.1272,0,11
2026-02-21T13:00:00Z,22,5,0.2025,28.55,0.408,0.242,0.769,0.251,0.22,LONG,TAKE_PROFIT,1.1101,1.1101,1,5
2026-02-21T17:45:00Z,2,6,0.2798,35.46,0.015,0.187,0.443,0.201,0.258,LONG,STOP_LOSS,-0.6421,-0.6421,0,11
2026-02-22T11:30:00Z,20,6,0.1631,14.77,0.008,0.22,0.189,0.102,0.09,LONG,STOP_LOSS,-0.4378,-0.4378,0,2
2026-02-23T08:45:00Z,17,0,0.5028,32.26,0.762,-0.717,2.06,-0.299,1.586,SHORT,STOP_LOSS,-1.2304,-1.2304,0,4
2026-02-24T01:15:00Z,10,1,0.5998,25.23,12.992,0.008,-0.444,-0.44,-0.046,SHORT,STOP_LOSS,-1.2304,-1.2304,0,2
2026-02-26T04:45:00Z,13,3,0.4026,21.35,1.304,0.509,0.152,0.516,0.297,LONG,STOP_LOSS,-1.2296,-1.2296,0,2
2026-02-27T03:00:00Z,12,4,0.3215,16.81,0.049,0.231,0.53,-0.245,-0.59,LONG,STOP_LOSS,-1.2296,-1.2296,0,28
2026-03-01T01:00:00Z,10,6,0.476,47.13,1.117,-0.008,0.472,-0.908,-0.469,LONG,TAKE_PROFIT,2.0198,2.0198,1,4
2026-03-01T05:15:00Z,14,6,0.6893,46.84,0.274,0.256,3.688,0.225,1.643,LONG,STOP_LOSS,-1.1243,-1.1243,0,4
2026-03-01T15:15:00Z,0,0,0.6232,29.23,0.727,0.613,1.149,0.223,0.792,LONG,STOP_LOSS,-1.2296,-1.2296,0,7
2026-03-02T03:15:00Z,12,0,0.6694,25.28,0.177,0.555,1.34,0.711,1.476,LONG,STOP_LOSS,-1.1867,-1.1867,0,12
2026-03-03T22:15:00Z,7,2,0.5545,9.91,0.566,2.1,0.34,0.554,-0.338,LONG,TAKE_PROFIT,2.1294,2.1294,1,14
2026-03-04T02:00:00Z,11,2,0.6398,20.25,1.428,0.109,1.621,0.139,-0.084,LONG,STOP_LOSS,-1.1858,-1.1858,0,6
2026-03-04T08:30:00Z,17,2,0.6053,21.2,0.812,1.518,3.662,1.396,3.415,LONG,TAKE_PROFIT,2.1294,2.1294,1,2
2026-03-04T13:00:00Z,22,2,0.5619,38.1,0.554,0.05,-0.113,0.627,0.197,LONG,TAKE_PROFIT,1.7231,1.7231,1,7
2026-03-04T15:15:00Z,0,3,0.753,42.62,1.266,2.573,2.848,1.696,2.575,LONG,TAKE_PROFIT,2.1294,2.1294,1,3
2026-03-05T12:15:00Z,21,3,0.5109,56.78,0.274,-0.833,2.055,-0.43,1.328,LONG,STOP_LOSS,-1.1104,-1.1104,0,6
2026-03-07T04:15:00Z,13,5,0.2046,22.05,0.059,-0.397,-0.516,-0.304,-0.402,SHORT,TAKE_PROFIT,1.7584,1.7584,1,59
2026-03-07T22:45:00Z,7,6,0.2175,42.53,0.086,-0.091,-0.388,-0.273,-0.498,SHORT,STOP_LOSS,-0.6882,-0.6882,0,6
2026-03-08T03:00:00Z,12,6,0.2842,32.35,5.887,-0.466,-0.633,-0.517,-0.585,SHORT,STOP_LOSS,-1.2304,-1.2304,0,26
2026-03-08T16:30:00Z,1,0,0.3007,35.96,0.228,-0.24,-1.301,-0.248,-0.623,SHORT,STOP_LOSS,-0.6804,-0.6804,0,10
2026-03-10T21:45:00Z,6,2,0.3662,23.68,0.117,-0.448,-2.101,-0.642,-1.267,SHORT,STOP_LOSS,-1.2304,-1.2304,0,27
2026-03-11T14:00:00Z,23,2,0.5725,19.37,0.85,-0.11,1.443,0.498,1.143,LONG,STOP_LOSS,-1.2296,-1.2296,0,7
2026-03-12T09:45:00Z,18,3,0.3596,26.2,0.237,0.22,0.929,-0.049,0.451,LONG,STOP_LOSS,-1.2296,-1.2296,0,22
2026-03-13T00:00:00Z,9,4,0.2539,15.59,4.223,0.614,0.796,0.726,0.769,LONG,TAKE_PROFIT,1.9584,1.9584,1,2
2026-03-13T04:00:00Z,13,4,0.4394,35.07,0.057,0.373,2.521,0.28,0.583,LONG,STOP_LOSS,-1.0031,-1.0031,0,10
2026-03-13T08:45:00Z,17,4,0.4096,20.07,0.25,0.339,-0.421,0.281,0.667,LONG,TAKE_PROFIT,2.1294,2.1294,1,17
2026-03-14T22:00:00Z,7,6,0.1334,23.16,2.362,0.46,0.771,0.061,0.156,LONG,TAKE_PROFIT,0.7462,0.7462,1,4
2026-03-15T01:30:00Z,10,6,0.2167,38.23,0.006,-0.1,1.08,-0.163,0.293,LONG,TAKE_PROFIT,0.9592,0.9592,1,30
2026-03-15T09:30:00Z,18,6,0.2075,26.47,0.996,0.227,0.113,0.254,0.179,LONG,STOP_LOSS,-0.8976,-0.8976,0,11
2026-03-15T18:15:00Z,3,0,0.2444,27.13,4.186,0.956,1.187,0.301,0.395,LONG,TAKE_PROFIT,2.0565,2.0565,1,13
2026-03-16T01:30:00Z,10,0,0.7832,42.51,0.808,-0.103,1.981,0.147,0.519,LONG,TAKE_PROFIT,2.1294,2.1294,1,14
2026-03-16T10:00:00Z,19,0,0.3209,27.11,0.494,0.533,0.04,0.264,-0.471,LONG,TAKE_PROFIT,1.4502,1.4502,1,15
2026-03-16T14:15:00Z,23,0,0.5286,19.98,0.874,-0.849,-0.49,-0.515,0.039,LONG,STOP_LOSS,-0.9529,-0.9529,0,1
2026-03-16T15:15:00Z,0,1,0.6898,17.23,0.621,0.849,0.382,0.436,0.341,LONG,TAKE_PROFIT,2.1294,2.1294,1,26
2026-03-17T00:15:00Z,9,1,0.7642,47.25,0.155,-0.079,-0.125,0.662,1.586,LONG,STOP_LOSS,-1.2296,-1.2296,0,1
2026-03-17T16:45:00Z,1,2,0.475,22.28,0.038,0.677,1.158,0.265,0.544,LONG,STOP_LOSS,-1.0389,-1.0389,0,73
2026-03-18T22:30:00Z,7,3,0.3439,18.99,0.678,-0.09,0.153,-0.382,-0.68,LONG,STOP_LOSS,-1.2296,-1.2296,0,34
2026-03-20T07:15:00Z,16,4,0.3143,15.14,0.148,-0.397,-0.826,0.005,-0.296,SHORT,STOP_LOSS,-1.2304,-1.2304,0,4
2026-03-21T15:15:00Z,0,6,0.1891,19.82,1.998,-0.981,-0.774,-0.421,0.085,SHORT,TAKE_PROFIT,1.4881,1.4881,1,18
2026-03-22T05:30:00Z,14,6,0.3464,20.98,0.397,-0.424,1.504,-0.208,0.52,SHORT,TAKE_PROFIT,1.1476,1.1476,1,10
2026-03-22T11:30:00Z,20,6,0.3032,26.18,2.46,-0.172,-1.096,-0.325,-0.828,SHORT,STOP_LOSS,-0.6807,-0.6807,0,7
2026-03-22T18:45:00Z,3,0,0.3083,14.64,0.248,-0.417,-0.302,-0.085,-0.149,SHORT,TAKE_PROFIT,1.664,1.664,1,11
2026-03-23T04:00:00Z,13,0,0.3614,17.97,0.102,-0.462,0.087,-0.215,0.546,SHORT,STOP_LOSS,-0.8661,-0.8661,0,5
2026-03-23T07:15:00Z,16,0,0.3142,20.14,0.307,-1.595,-1.766,-1.076,-0.589,SHORT,STOP_LOSS,-1.2304,-1.2304,0,15
2026-03-24T01:45:00Z,10,1,0.3114,18.71,1.441,-0.72,-1.24,-0.23,-0.313,SHORT,STOP_LOSS,-1.2304,-1.2304,0,25
2026-03-25T01:00:00Z,10,2,0.3737,16.82,0.349,0.021,1.744,0.118,1.207,LONG,TAKE_PROFIT,2.1294,2.1294,1,42
2026-03-25T12:45:00Z,21,2,0.294,27.32,1.154,0.224,0.564,0.155,0.819,LONG,STOP_LOSS,-0.7101,-0.7101,0,6
2026-03-25T17:30:00Z,2,3,0.3595,15.65,0.07,-0.631,-1.268,-0.745,-1.064,LONG,STOP_LOSS,-1.2296,-1.2296,0,30
2026-03-26T23:45:00Z,8,4,0.2959,23.65,0.804,-0.18,1.03,-0.091,0.322,SHORT,TAKE_PROFIT,1.5643,1.5643,1,34
2026-03-27T16:30:00Z,1,5,0.4898,37.89,0.205,-1.003,-0.444,-0.353,-0.726,SHORT,STOP_LOSS,-1.2304,-1.2304,0,49
2026-03-28T12:45:00Z,21,5,0.2112,10.82,0.792,-0.271,-0.949,0.202,0.021,SHORT,STOP_LOSS,-0.8529,-0.8529,0,4
2026-03-28T21:15:00Z,6,6,0.2106,20.09,1.0,-0.233,-0.821,-0.08,0.11,SHORT,TAKE_PROFIT,1.419,1.419,1,61
2026-03-29T17:30:00Z,2,0,0.3638,16.03,1.079,-0.397,-1.338,-0.206,-0.416,SHORT,TAKE_PROFIT,2.1306,2.1306,1,21
2026-03-30T17:30:00Z,2,1,0.3489,20.84,0.114,-0.843,-1.131,-0.571,-1.096,SHORT,STOP_LOSS,-1.2304,-1.2304,0,33
2026-03-31T08:45:00Z,17,1,0.3143,18.7,3.488,-0.793,-1.285,-0.978,-1.182,SHORT,TAKE_PROFIT,2.1306,2.1306,1,5
2026-04-01T13:45:00Z,22,2,0.311,35.28,2.919,-0.372,-0.989,-0.348,-0.816,SHORT,STOP_LOSS,-1.022,-1.022,0,5
2026-04-02T05:30:00Z,14,3,0.3694,36.68,0.716,0.326,0.016,0.419,-0.818,SHORT,STOP_LOSS,-0.8502,-0.8502,0,2
2026-04-02T09:15:00Z,18,3,0.2528,18.12,0.255,-0.008,0.812,-0.304,0.187,SHORT,TAKE_PROFIT,1.2509,1.2509,1,14
2026-04-04T09:00:00Z,18,5,0.1173,11.84,0.156,-0.289,-0.086,-0.029,0.17,SHORT,STOP_LOSS,-0.5458,-0.5458,0,21
2026-04-05T05:00:00Z,14,6,0.1097,17.56,0.252,-0.326,-0.466,0.017,-0.079,SHORT,TAKE_PROFIT,0.853,0.853,1,6
2026-04-05T12:15:00Z,21,6,0.1737,23.32,4.718,-0.618,0.047,-0.18,-0.001,SHORT,TAKE_PROFIT,1.3548,1.3548,1,5
2026-04-05T22:30:00Z,7,0,0.298,18.56,6.279,0.857,0.857,0.689,0.788,SHORT,STOP_LOSS,-1.1354,-1.1354,0,1
2026-04-06T08:30:00Z,17,0,0.2993,27.57,1.429,0.569,0.115,0.325,0.123,LONG,STOP_LOSS,-0.9939,-0.9939,0,52
2026-04-08T04:45:00Z,13,2,0.2111,33.77,1.924,0.052,-0.142,0.317,-0.381,LONG,STOP_LOSS,-0.6985,-0.6985,0,5
2026-04-09T08:45:00Z,17,3,0.1825,16.97,0.945,0.153,0.46,0.387,0.873,LONG,STOP_LOSS,-1.2168,-1.2168,0,21
2026-04-10T10:00:00Z,19,4,0.2093,10.54,0.004,0.544,-0.143,0.148,-0.415,LONG,TAKE_PROFIT,1.9685,1.9685,1,22
2026-04-10T16:30:00Z,1,5,0.3792,17.12,0.163,0.067,0.583,0.022,0.689,LONG,STOP_LOSS,-1.2296,-1.2296,0,119
2026-04-12T21:00:00Z,6,0,0.2269,26.6,4.964,0.91,1.127,0.326,0.483,LONG,STOP_LOSS,-0.9172,-0.9172,0,5
2026-04-13T05:30:00Z,14,0,0.1091,12.69,1.24,-0.572,-0.64,-0.409,-0.585,SHORT,STOP_LOSS,-0.3662,-0.3662,0,4
2026-04-14T02:15:00Z,11,1,0.3365,36.98,0.476,0.241,0.579,0.237,0.253,LONG,STOP_LOSS,-0.6566,-0.6566,0,9
2026-04-15T12:15:00Z,21,2,0.2074,27.14,1.373,0.431,0.834,0.379,0.476,LONG,TAKE_PROFIT,1.4982,1.4982,1,20
2026-04-15T17:45:00Z,2,3,0.4269,23.71,0.075,0.358,1.21,0.373,0.062,LONG,TAKE_PROFIT,2.1294,2.1294,1,86
2026-04-16T16:00:00Z,1,4,0.7091,18.45,0.352,0.584,1.407,0.369,-0.123,LONG,TAKE_PROFIT,2.1294,2.1294,1,12
2026-04-17T07:45:00Z,16,4,0.2081,21.22,2.558,0.0,0.365,0.197,0.612,LONG,STOP_LOSS,-0.8138,-0.8138,0,12
2026-04-17T13:30:00Z,22,4,0.4325,20.99,4.757,1.356,0.881,0.968,0.898,LONG,STOP_LOSS,-1.2296,-1.2296,0,48
2026-04-19T12:30:00Z,21,6,0.2464,28.28,0.251,0.362,0.778,-0.005,0.297,LONG,STOP_LOSS,-1.2296,-1.2296,0,37
2026-04-20T05:15:00Z,14,0,0.253,17.79,0.005,-0.246,0.082,-0.478,-0.328,SHORT,STOP_LOSS,-0.5685,-0.5685,0,5
2026-04-21T03:00:00Z,12,1,0.1234,12.02,0.533,-0.346,-0.602,-0.207,-0.138,SHORT,STOP_LOSS,-0.6354,-0.6354,0,14
2026-04-22T08:00:00Z,17,2,0.2493,42.87,0.528,0.265,0.733,0.08,0.791,LONG,STOP_LOSS,-1.1226,-1.1226,0,59
2026-04-23T15:30:00Z,0,4,0.1773,26.86,2.039,0.606,0.901,0.732,1.03,LONG,STOP_LOSS,-0.5255,-0.5255,0,7
2026-04-24T00:00:00Z,9,4,0.1719,14.67,0.064,0.358,0.769,0.27,0.623,LONG,STOP_LOSS,-0.7786,-0.7786,0,17
2026-04-25T03:45:00Z,12,5,0.0881,10.78,0.003,0.124,-0.145,0.09,0.107,LONG,STOP_LOSS,-0.3864,-0.3864,0,42
2026-04-26T02:30:00Z,11,6,0.1174,27.41,0.007,0.153,0.615,-0.062,-0.095,LONG,TAKE_PROFIT,0.8746,0.8746,1,57
2026-04-26T20:00:00Z,5,0,0.1593,35.38,0.035,0.058,0.581,-0.202,0.245,LONG,STOP_LOSS,-0.6228,-0.6228,0,6
2026-04-26T22:15:00Z,7,0,0.2962,32.99,1.168,0.245,0.638,0.538,0.582,LONG,TAKE_PROFIT,1.1674,1.1674,1,19
2026-04-27T15:15:00Z,0,1,0.3388,34.12,1.478,-1.554,-1.54,-1.264,-1.213,SHORT,STOP_LOSS,-1.2087,-1.2087,0,143
2026-04-29T17:30:00Z,2,3,0.277,36.4,1.046,-0.038,-0.761,0.193,-0.635,SHORT,STOP_LOSS,-1.1664,-1.1664,0,29
2026-04-30T04:45:00Z,13,3,0.2278,21.65,0.258,-0.735,-1.562,-0.519,-0.831,SHORT,TAKE_PROFIT,2.1306,2.1306,1,26
2026-04-30T14:30:00Z,23,3,0.4043,32.49,0.054,-0.39,-0.352,-0.456,-0.27,SHORT,STOP_LOSS,-0.877,-0.877,0,5
2026-04-30T22:00:00Z,7,4,0.0792,17.85,0.029,-0.223,-0.085,-0.088,0.267,SHORT,STOP_LOSS,-0.4146,-0.4146,0,8
2026-05-01T20:45:00Z,5,5,0.1468,18.51,0.401,-0.585,-1.066,-0.594,-0.357,SHORT,STOP_LOSS,-0.6768,-0.6768,0,53
2026-05-03T01:15:00Z,10,6,0.1438,25.34,0.019,-0.212,-0.514,-0.431,-0.242,SHORT,STOP_LOSS,-0.6442,-0.6442,0,51
2026-05-04T20:30:00Z,5,1,0.1788,14.07,0.018,-0.324,-0.572,0.0,-0.557,SHORT,STOP_LOSS,-1.1103,-1.1103,0,50
2026-05-05T11:30:00Z,20,1,0.1286,16.85,0.003,0.112,0.255,0.315,0.31,LONG,TAKE_PROFIT,0.7642,0.7642,1,7
2026-05-05T14:45:00Z,23,1,0.2426,31.55,0.614,-0.4,0.591,-0.071,0.64,LONG,TAKE_PROFIT,1.2788,1.2788,1,21
2026-05-05T23:00:00Z,8,2,0.2746,36.8,0.862,-0.504,0.739,-0.401,-0.503,LONG,STOP_LOSS,-0.4986,-0.4986,0,3
2026-05-06T01:30:00Z,10,2,0.2265,23.39,0.174,0.632,0.168,0.553,-0.207,LONG,STOP_LOSS,-0.7902,-0.7902,0,13
2026-05-06T06:15:00Z,15,2,0.416,22.95,0.128,0.257,-0.336,0.197,-0.551,LONG,TAKE_PROFIT,2.1294,2.1294,1,17
2026-05-06T15:30:00Z,0,3,0.3963,20.38,1.046,0.405,-0.659,-0.206,-0.85,LONG,STOP_LOSS,-1.2296,-1.2296,0,47
2026-05-07T06:45:00Z,15,3,0.2613,25.37,0.469,0.693,1.338,0.326,0.363,LONG,STOP_LOSS,-1.2296,-1.2296,0,34
2026-05-08T00:30:00Z,9,4,0.1638,13.93,0.016,0.043,-0.086,-0.1,-0.072,LONG,STOP_LOSS,-0.8733,-0.8733,0,8
2026-05-09T05:30:00Z,14,5,0.3029,32.67,1.731,0.383,2.163,0.092,0.354,LONG,STOP_LOSS,-0.7487,-0.7487,0,35
2026-05-10T04:00:00Z,13,6,0.1587,15.58,1.037,0.24,0.185,-0.028,0.086,LONG,TAKE_PROFIT,1.5356,1.5356,1,51
2026-05-10T19:45:00Z,4,0,0.4386,39.88,0.019,-0.277,2.074,0.175,0.051,LONG,STOP_LOSS,-1.2296,-1.2296,0,4
2026-05-10T22:15:00Z,7,0,0.6348,27.77,3.495,0.832,-0.753,0.901,0.254,LONG,TAKE_PROFIT,2.1294,2.1294,1,67
2026-05-11T16:45:00Z,1,1,0.6403,20.54,0.287,0.784,2.631,0.222,0.662,LONG,STOP_LOSS,-1.2296,-1.2296,0,35
2026-05-13T01:30:00Z,10,2,0.1998,18.99,0.231,0.725,0.489,0.475,0.702,LONG,STOP_LOSS,-1.2296,-1.2296,0,39
2026-05-14T09:45:00Z,18,3,0.1953,15.04,0.231,-0.271,-0.472,-0.217,-0.206,SHORT,STOP_LOSS,-1.0943,-1.0943,0,18
2026-05-15T19:15:00Z,4,5,0.236,24.62,0.026,-0.336,0.523,-0.228,-0.049,SHORT,TAKE_PROFIT,1.1277,1.1277,1,29
2026-05-16T14:15:00Z,23,5,0.1453,50.47,0.046,-0.08,0.293,0.074,0.326,SHORT,STOP_LOSS,-0.4554,-0.4554,0,3
2026-05-17T00:45:00Z,9,6,0.1558,20.1,3.643,-0.553,-0.727,-0.251,-0.403,SHORT,TAKE_PROFIT,0.6016,0.6016,1,4
2026-05-17T22:30:00Z,7,0,0.219,19.9,0.071,-0.617,0.007,-0.461,-0.111,SHORT,TAKE_PROFIT,1.8963,1.8963,1,5
2026-05-18T04:30:00Z,13,0,0.2568,46.68,0.0,-0.34,-0.119,0.011,0.002,SHORT,STOP_LOSS,-0.7808,-0.7808,0,31
2026-05-18T14:45:00Z,23,0,0.4385,29.02,0.188,-0.975,-0.649,-0.615,-0.505,SHORT,STOP_LOSS,-1.2304,-1.2304,0,20
2026-05-19T05:30:00Z,14,1,0.2445,16.58,0.009,-0.177,-0.64,0.04,0.098,SHORT,STOP_LOSS,-0.6696,-0.6696,0,2
2026-05-20T01:45:00Z,10,2,0.2047,10.35,0.017,0.232,0.007,0.102,-0.291,SHORT,STOP_LOSS,-0.8854,-0.8854,0,11
